X1,X2,X3,X4,X5,X6,X7,X8,X9,X10,X11,X12,X13,X14,"Y(1=default, 0=non-default)"
1,-0.8010518337151266,1.347110632737976,1,3,3,-0.19090583089256777,0,0,0,1,1,-0.4883584679922377,0.0373803907979128,1
0,-0.7512404429865284,0.4505479491934533,1,7,3,-0.6155358720016211,0,0,0,0,1,-0.1395911646477726,-0.1954133390319889,1
0,-0.16785618886006934,-0.6048229226919151,0,3,3,-0.2910826363654782,0,0,0,1,1,0.5579434420411575,-0.1954133390319889,1
0,-0.8356665289672027,1.355151553666626,0,4,2,-0.6648766866375322,1,1,11,1,1,-1.0696373068996794,-0.1954133390319889,0
1,-0.9623056579382142,0.6857448863564782,1,5,3,-0.07876761581095157,1,1,14,0,1,-0.7208700035552144,-0.16506564157891593,0
0,-1.3287148710943408,-0.8390147447388587,1,7,6,-0.21632382631106742,1,1,2,0,1,-0.4883584679922377,-0.1954133390319889,0
1,-1.1944773943850684,0.350036437585323,1,2,3,-0.6274972816103268,0,0,0,0,1,-0.7208700035552144,-0.1762059355806769,1
0,2.2880986523177462,-0.06005052977584876,1,10,6,0.2441904436241031,1,1,6,0,1,-0.8196874061694795,-0.08785187970464159,0
1,-0.31560183932624936,-0.7555901901041105,0,1,6,0.23222903401539735,0,0,0,0,1,-0.046586550422581925,-0.09226958249844336,1
0,2.041574481254177,0.46662979105075414,1,3,6,1.3536111848315593,1,1,3,1,1,-0.4883584679922377,-0.1858096373063329,1
1,0.16309406818417405,-0.6048229226919151,1,13,6,0.6807818943418621,1,1,4,1,1,0.40099815553614826,-0.03080589145424488,0
1,0.8317486691511146,0.048501902760932,1,10,6,0.8302995144506837,1,1,6,1,1,1.662373235965297,-0.1954133390319889,0
1,-0.920092614947877,-0.7053344343000454,0,7,6,-0.2537032313382728,1,1,3,1,1,-0.255846932429261,-0.15507779178423367,1
1,0.28297911027673167,0.048501902760932,1,13,6,1.5778876149947916,1,1,6,1,1,-1.0696373068996794,-0.0033393045188686884,0
1,2.280500304579485,-0.4118408204043049,1,7,3,0.0572934184880761,0,0,0,1,1,0.7904549776041343,-0.1954133390319889,1
1,1.3940264017824051,0.25756584690584305,1,3,3,-0.6529152770288265,0,0,0,0,1,-1.0696373068996794,0.3212658138083045,0
1,-0.16785618886006934,-0.052009608847198324,1,8,3,1.5778876149947916,1,1,2,1,1,0.8485828614948784,-0.1954133390319889,0
0,-1.067838265414057,0.8525939956259746,1,5,3,-0.44060025647429985,1,1,2,0,1,-0.5581119286611307,-0.08189758463473486,0
1,-0.976658092554929,-0.7053344343000454,0,3,3,-0.6274972816103268,0,0,0,0,1,-0.255846932429261,-0.19464504289393644,1
0,-0.772346964481697,0.18218221319974534,1,10,3,0.10812940932507542,1,1,7,0,1,-0.3197876047090796,0.4301717913772437,0
0,-0.2868969700928198,-0.8390147447388587,1,5,3,-0.6529152770288265,0,0,0,0,1,0.4416876742596692,-0.002571008380816207,1
0,-1.0467317439188883,-0.8390147447388587,0,5,3,-0.48994107111021096,1,0,0,1,1,-0.1395911646477726,-0.1954133390319889,1
1,0.810642147655946,-0.6882474773266632,1,1,3,-0.6155358720016211,0,0,0,0,1,-0.09308885753517726,-0.1954133390319889,1
1,0.8452568429080222,-0.6048229226919151,1,3,3,-0.6020792861918272,1,0,0,0,1,-0.1395911646477726,-0.1954133390319889,1
1,-1.018871135545266,0.9701924642074873,1,5,3,-0.42863884686559406,0,0,0,0,1,-0.6046142357737261,-0.12818742695239685,1
1,0.09977450369866832,-0.6550786784959802,1,12,6,0.9798171345595054,1,1,3,1,1,-1.0696373068996794,-0.1954133390319889,0
1,-0.7655928776032432,-0.9314853354183387,0,3,3,-0.6274972816103268,0,0,0,0,1,0.09292037091520411,-0.1819681566160705,1
1,0.13523345981055165,-0.3455032227429389,0,7,6,-0.05484479659354009,1,1,1,1,1,-0.023335396866284254,3.2671052811360295,0
0,-0.07583175514113406,1.4556630652747564,1,7,3,-0.06680620620224584,1,1,1,0,1,0.20917613869669247,-0.19176393237623962,0
1,-0.7166257477344522,-0.45405565527971964,1,7,3,-0.3404234510013894,1,1,11,1,1,-0.7208700035552144,0.22407635234466566,0
1,-0.3856754906902089,-0.8058459459081757,1,7,6,0.6060230842874513,1,1,3,1,1,0.7439526704915389,-0.16660223385502088,0
0,-0.9411991364430455,1.1541285304503655,0,13,6,-0.6648766866375322,0,0,0,1,1,-0.17446789498221912,-0.18926696992756906,1
1,1.7528372672002708,-0.6802065563980129,0,7,6,2.1639966858213726,1,0,0,1,1,0.09292037091520411,-0.1762059355806769,1
1,-0.7166257477344522,1.355151553666626,1,8,6,-0.029426801175040436,1,1,11,1,1,0.6160713259319017,-0.14086431323026277,0
1,0.9507894503838651,-0.7053344343000454,1,6,3,3.484237271382267,0,1,1,1,1,0.9764642060545157,-0.17390104716651944,1
1,3.6524242017654425,2.862824227788581,0,0,0,-0.6529152770288265,0,1,2,0,1,-1.0696373068996794,-0.12799535291788372,1
1,-0.5545276626515575,1.5561745768828867,1,5,3,0.23222903401539735,1,0,0,1,0,-0.9533815391181911,-0.1954133390319889,0
1,0.6764046709466736,1.8406221547338957,1,8,3,1.9143022602396402,1,1,6,1,1,-0.6627421196644703,-0.1954133390319889,0
0,1.3661657934087827,0.651570972409714,1,7,3,1.6900258300764077,1,1,6,1,1,-1.0696373068996794,0.04659994445454257,0
0,1.3383051850351604,-0.3535441436715893,1,13,3,3.484237271382267,1,1,2,1,1,1.9471998670299435,0.13188081577836794,0
1,-0.7090273999961912,-0.9566132133203712,1,12,3,-0.6394586912190325,1,0,0,0,1,-1.0696373068996794,-0.1954133390319889,0
1,-0.7588387907247894,-0.6550786784959802,0,5,3,-0.5033976569200049,0,0,0,1,1,-0.3721027002107493,-0.18254437871960985,1
1,-0.40678201218537746,-0.730462312202078,1,13,6,-0.2910826363654782,1,0,0,0,1,-1.0696373068996794,0.8221948958185221,0
1,2.681524212987688,-0.8480607807835905,1,7,3,-0.48994107111021096,1,1,3,1,1,-0.023335396866284254,-0.1954133390319889,1
1,-0.6600602701274003,-0.873188658685623,0,7,3,-0.6529152770288265,0,1,2,0,1,-0.325600393098154,-0.19426089482491019,1
0,-0.9133385280694232,1.1038727746463004,1,10,3,-0.4525616660830056,1,1,2,1,1,-0.784810675835033,-0.1954133390319889,0
0,-0.5967407056418946,-0.6048229226919151,0,7,3,-0.6155358720016211,0,0,0,0,1,-0.30234923954185633,-0.1954133390319889,1
1,-1.3000100018609113,-0.9485722923917208,1,7,3,-0.6529152770288265,0,0,0,0,1,-1.0696373068996794,-0.1954133390319889,0
0,-0.17461027573852314,-0.5545671668878499,0,9,6,-0.06680620620224584,0,0,0,0,1,0.4184365207033715,-0.19214808044526588,1
0,1.795050310190608,2.0587321349235386,1,7,3,0.9798171345595054,1,1,14,0,1,-1.0696373068996794,0.2271495368968756,0
1,0.06431554758678497,-0.253032632063459,1,3,3,-0.5153590665287107,0,0,0,1,1,0.2789295993655855,-0.1954133390319889,1
1,-0.8854779196958008,-0.12739324255329607,0,2,6,-0.6529152770288265,0,0,0,0,1,-0.255846932429261,-0.1762059355806769,1
1,-0.2868969700928198,-0.9314853354183387,0,3,3,-0.6394586912190325,0,0,0,0,1,0.1859249851403948,0.20794213344556356,1
1,-1.0610841785356033,-0.6048229226919151,0,7,3,0.03337059927066462,0,0,0,1,1,-0.41860500732334466,-0.19426089482491019,1
1,-0.3367083608214179,-0.30328838786752416,0,10,6,0.8557175098691834,0,1,2,1,1,1.0752816086687806,-0.1952212649974758,1
1,-0.31560183932624936,-0.6550786784959802,1,8,3,-0.06680620620224584,1,1,11,1,1,1.453112853958618,-0.1886907478240297,0
1,0.711863627058557,0.350036437585323,1,5,4,0.38174665412421893,1,1,1,0,1,-1.0696373068996794,-0.09937632177542881,0
0,0.48644597749015644,-0.45405565527971964,1,2,6,-0.6020792861918272,0,0,0,0,1,0.4416876742596692,-0.14816312654176134,1
1,0.9229288420102427,0.03141494578754985,0,8,3,0.2815698486513085,1,0,0,1,1,-0.7673723106678098,0.08155741873593045,0
1,2.1260005672348514,1.5059188210788217,1,6,3,-0.2910826363654782,1,1,4,1,1,0.09292037091520411,-0.1954133390319889,0
1,0.9794943196172946,0.048501902760932,1,2,4,0.007952603852164964,0,0,0,1,1,-0.25003414404018653,-0.1954133390319889,1
0,-0.6600602701274003,-0.8138868668368262,1,8,3,-0.5901178765831214,0,1,1,1,1,0.3254319064781808,-0.19464504289393644,1
1,-1.1032972215259405,-0.5545671668878499,1,2,3,-0.21632382631106742,1,1,2,0,1,-0.3721027002107493,-0.13779112867805285,0
0,0.7819372784225165,-0.253032632063459,1,2,4,-0.5153590665287107,0,0,0,0,0,5.673197224426645,-0.1954133390319889,1
0,-0.5967407056418946,-0.8561017017122409,1,10,6,-0.21632382631106742,1,0,0,0,1,0.5579434420411575,-0.03714433459317785,0
1,0.8807157990199055,1.0114021839668204,1,13,6,1.7154438254949078,1,1,8,0,1,-1.0696373068996794,-0.1954133390319889,0
0,-1.018871135545266,-0.9234444144896883,1,10,3,-0.6529152770288265,0,0,0,1,1,1.1392222809485992,-0.1954133390319889,1
1,-0.8500189635839175,1.355151553666626,1,2,3,-0.5153590665287107,1,0,0,1,1,-0.4883584679922377,-0.18235230468509675,1
1,-0.026864625272343123,-0.38671294250227234,1,0,0,-0.6648766866375322,0,1,5,0,1,-0.046586550422581925,-0.16737052999307336,1
1,-0.3645689691950403,-0.6379917215225981,1,12,6,-0.11614702083815696,1,1,12,1,1,2.319218323930706,-0.058464552424134196,0
1,1.450591879389457,4.337328103079853,0,0,0,-0.6648766866375322,1,0,0,1,1,-1.0696373068996794,-0.1954133390319889,1
0,-0.09693827663630264,-0.6802065563980129,1,8,6,-0.6529152770288265,0,1,3,0,1,-1.0696373068996794,-0.18907489589305596,1
1,-0.18136436261697694,-0.7053344343000454,1,8,3,-0.14156501625665663,0,0,0,0,1,0.09292037091520411,-0.1954133390319889,1
1,-0.280142883214366,0.05654282368958243,0,7,4,-0.21632382631106742,1,1,8,1,1,-0.2325957788729633,-0.19406882079039708,0
1,0.7329701485537256,3.365381785829233,1,9,7,5.3158281177153315,1,1,11,0,1,-1.0696373068996794,0.035075502383755355,0
1,0.4163723261261969,-0.10226536465126349,1,10,3,0.38174665412421893,0,0,0,0,1,1.5693686217401062,-0.1858096373063329,1
1,-0.5055605327827665,-0.8892705005429239,1,3,6,0.38174665412421893,0,0,0,1,1,0.9067107453856226,-0.1954133390319889,1
1,-0.14674966736490078,-0.253032632063459,1,7,3,-0.6155358720016211,0,0,0,0,1,0.1859249851403948,-0.1954133390319889,1
1,-0.7166257477344522,-0.9566132133203712,1,3,3,-0.365841446419889,0,1,11,0,0,-1.0696373068996794,-0.1954133390319889,1
0,0.05080737382987737,-0.6631195994246307,1,8,3,-0.3404234510013894,1,1,16,0,1,-0.3721027002107493,0.20390857872078805,0
1,-0.5401752280348426,-0.253032632063459,1,12,3,-0.4779796615015052,1,1,7,0,1,-1.0696373068996794,1.1604372705961268,0
0,0.30408563177190023,-0.2027768762593938,1,0,0,-0.6648766866375322,0,1,6,0,1,-1.0696373068996794,-0.15699853212936488,1
0,-1.0965431346474865,1.0536170188422351,1,1,3,-0.5407770619472103,0,0,0,0,1,-0.6046142357737261,-0.18734622958243788,1
1,0.7051095401801032,0.048501902760932,1,2,4,-0.6020792861918272,0,0,0,0,1,2.1273963070912503,-0.1954133390319889,1
1,-0.6879208785010227,-0.7555901901041105,1,7,3,-0.5153590665287107,0,0,0,1,0,0.5579434420411575,-0.1954133390319889,1
1,0.5075524989853251,-0.9566132133203712,1,7,3,-0.6648766866375322,0,0,0,0,2,-8.424330998658097e-05,-0.1954133390319889,0
0,-0.5756341841467261,1.7903663989298304,1,10,6,-0.21632382631106742,0,0,0,0,1,0.5579434420411575,-0.1952212649974758,1
0,1.302846228923277,1.6566860884910173,1,2,4,0.8796403290865948,1,1,9,1,1,-1.0696373068996794,-0.1954133390319889,0
1,0.21965954579122596,0.09875765856499716,1,8,3,-0.6394586912190325,0,0,0,1,1,0.6160713259319017,-0.19426089482491019,0
1,-0.7934534859768656,-0.8390147447388587,0,0,0,-0.6648766866375322,0,0,0,0,1,-0.4883584679922377,-0.1954133390319889,1
1,-0.32235592620470316,-0.697293513371395,1,3,6,-0.5901178765831214,0,0,0,1,0,-0.255846932429261,-0.1954133390319889,1
1,0.9440353635054113,-0.1354341634819465,1,5,3,-0.6529152770288265,0,0,0,0,1,-0.44185616087964236,-0.1762059355806769,1
1,-0.24468392710248266,1.9582206233154082,1,1,3,-0.6274972816103268,0,0,0,0,1,-1.0696373068996794,-0.14048016516123654,1
1,0.39526580463102834,0.048501902760932,1,7,4,0.08271141390657576,1,1,6,0,1,-1.0696373068996794,-0.1249221683656738,0
0,-1.1311578298995628,1.0536170188422351,0,10,6,-0.6155358720016211,0,0,0,0,1,0.9067107453856226,-0.1954133390319889,1
1,-0.871125485079086,-0.6550786784959802,1,8,3,-0.21632382631106742,0,0,0,0,1,-0.1977190485385168,-0.19387674675588396,0
0,0.6206834541994288,-0.6219098796652972,1,5,3,-0.5901178765831214,0,0,0,0,1,-1.0696373068996794,-0.12050446557187203,1
1,0.022102504596447824,-0.9485722923917208,0,6,3,-0.6529152770288265,0,0,0,0,1,-1.0696373068996794,-0.1954133390319889,1
0,-1.2020757421233295,0.9531055072341049,1,5,3,-0.14156501625665663,0,1,10,1,1,-1.0696373068996794,-0.19349259868685773,1
0,-0.9411991364430455,-0.7887589889347936,1,10,3,-0.19090583089256777,1,1,1,0,1,-1.0696373068996794,-0.1954133390319889,0
0,0.6341916279563364,-0.15252112045532865,1,7,3,0.23222903401539735,0,0,0,0,1,1.7205011198560412,-0.1954133390319889,1
1,0.5995769327042603,-0.9143983784449565,1,3,3,-0.6394586912190325,1,0,0,1,1,0.5579434420411575,-0.1954133390319889,0
1,-0.32911001308315696,1.8074533559032129,1,8,3,1.0545759446139162,1,0,0,1,1,1.761190638579562,-0.09937632177542881,0
1,-0.32235592620470316,-0.8390147447388587,0,12,3,-0.5901178765831214,1,1,2,0,1,0.4416876742596692,-0.09937632177542881,0
1,-1.0610841785356033,-0.9566132133203712,0,0,0,-0.6648766866375322,0,1,4,0,1,-0.8080618293913306,-0.1952212649974758,1
0,-0.5545276626515575,-0.7807180680061432,1,13,6,-0.3538800368111833,1,0,0,1,1,-0.1395911646477726,0.9301405032148956,0
1,-0.32911001308315696,-0.5545671668878499,1,13,6,-0.365841446419889,1,1,4,0,1,-0.255846932429261,1.2535931773349902,0
1,-0.7866993990984118,0.8525939956259746,1,5,3,-0.6394586912190325,0,0,0,0,1,-1.0696373068996794,-0.1954133390319889,1
0,1.5417720522485852,1.77428455707253,1,3,6,1.8769228552124348,1,0,0,1,1,-1.0696373068996794,-0.1954133390319889,0
1,0.06431554758678497,-0.45405565527971964,1,7,3,-0.2910826363654782,0,0,0,1,1,0.5579434420411575,-0.1954133390319889,1
1,0.564117976592377,1.0787448967442679,0,3,3,-0.6274972816103268,0,0,0,0,1,-0.1395911646477726,-0.1954133390319889,1
1,1.3307068372968993,0.350036437585323,1,7,3,-0.365841446419889,0,0,0,1,1,-1.0696373068996794,-0.15162045916299752,1
1,-0.31560183932624936,-0.15252112045532865,0,2,6,1.0545759446139162,1,1,2,1,1,-0.6336781777190982,-0.1954133390319889,1
0,0.3530527616406912,-0.7726771470774927,1,5,3,-0.44060025647429985,1,1,4,0,1,-1.0696373068996794,0.1086398576022804,0
1,0.16984815506262785,-0.906357457516306,1,2,4,0.5312642742330406,0,0,0,1,0,1.371733816511576,-0.1954133390319889,1
1,0.21206119805296497,-0.9405313714630704,0,6,4,-0.6529152770288265,1,1,1,1,1,0.5579434420411575,0.18873472999425153,0
0,-0.9133385280694232,1.1209597316196827,1,12,6,-0.5646998811646218,1,1,1,1,1,-0.6046142357737261,-0.1858096373063329,0
1,0.13523345981055165,-0.7555901901041105,1,13,3,-0.44060025647429985,1,1,7,1,1,0.9067107453856226,0.5865200554709236,0
1,-0.7444863561080747,1.2546400420584958,1,10,3,0.08271141390657576,1,1,7,1,1,-0.4883584679922377,-0.04002544511087465,0
1,1.450591879389457,0.7520824840178443,1,7,6,3.0730638160830077,1,1,9,0,1,-0.017522608477209836,0.12246918808722507,0
1,0.7608307569273479,0.048501902760932,1,7,3,0.8302995144506837,1,1,7,0,1,-1.0696373068996794,0.39329357675072457,0
1,-0.920092614947877,-0.7887589889347936,0,7,3,-0.06680620620224584,0,0,0,1,0,0.3254319064781808,-0.1954133390319889,1
0,0.6063310195827141,-0.6550786784959802,1,0,0,-0.6648766866375322,0,0,0,0,1,-0.6278653893300237,-0.1954133390319889,1
0,2.1538611756084736,2.9633357393967117,1,7,3,0.9798171345595054,1,1,7,0,1,-1.0696373068996794,0.3808087645073718,0
0,-0.026864625272343123,-0.2027768762593938,1,12,6,-0.4779796615015052,1,1,9,1,1,-0.017522608477209836,-0.1954133390319889,0
1,-0.8078059205935804,-0.7978050249795253,1,8,3,-0.5781564669744157,0,1,1,0,1,1.371733816511576,-0.1410563872647759,1
0,2.2593937830843167,1.0536170188422351,1,10,3,0.5312642742330406,1,1,14,0,1,-1.0696373068996794,0.1122892642580297,0
1,-0.2235774056073141,-0.8812295796142735,1,7,3,-0.5781564669744157,0,0,0,0,1,0.20917613869669247,-0.16852297420015208,1
0,1.2184201429426027,-0.15252112045532865,1,4,2,-0.6648766866375322,1,0,0,0,1,-0.4883584679922377,-0.011022265899393497,0
1,-0.8922320065742546,-0.3535441436715893,0,1,3,-0.3404234510013894,1,1,8,1,1,-0.1395911646477726,-0.1952212649974758,0
0,-0.5756341841467261,1.5561745768828867,1,5,3,-0.21632382631106742,1,1,12,1,1,-0.3721027002107493,-0.08650736146304974,0
0,-0.9065844411909694,-0.8561017017122409,0,9,1,-0.365841446419889,0,0,0,0,1,0.4416876742596692,-0.1954133390319889,1
1,-0.5899866187634408,1.7571976000991476,0,0,0,-0.6648766866375322,0,0,0,0,1,-8.424330998658097e-05,-0.1954133390319889,1
0,-0.427888533680546,-0.4118408204043049,0,7,3,-0.6394586912190325,0,0,0,0,0,-0.6046142357737261,-0.1954133390319889,1
1,0.7895356261607774,-0.7887589889347936,1,0,0,-0.6648766866375322,1,0,0,0,1,-0.3139748163200051,-0.1952212649974758,1
0,0.5708720634708307,-0.06909656582058048,1,7,3,-0.6274972816103268,0,0,0,0,1,-0.1395911646477726,-0.1954133390319889,1
1,-1.0121170486668123,-0.8390147447388587,1,0,0,-0.6648766866375322,0,1,3,0,1,0.9648386292763668,-0.04770840649139946,1
1,0.6485440625730512,0.9531055072341049,1,6,3,1.2788523747771483,1,1,14,0,1,0.3254319064781808,0.689471737969956,0
1,-0.49120809816605177,-0.8561017017122409,1,7,3,-0.22828523591977318,1,1,5,1,1,0.7439526704915389,-0.1954133390319889,0
0,1.2251742298210566,-0.3535441436715893,1,7,3,0.04533200887937036,1,1,8,1,1,1.23222689517379,0.6034225705080781,0
1,-1.0045187009285512,1.0536170188422351,0,3,6,-0.41518226105580014,1,0,0,1,1,-0.255846932429261,-0.1954133390319889,1
0,-0.7866993990984118,-0.7053344343000454,0,0,0,0.30698784406980817,0,0,0,0,1,0.5579434420411575,-0.1954133390319889,1
1,-1.075436613152318,-0.24499171113480855,0,0,0,-0.6648766866375322,0,0,0,1,1,-0.023335396866284254,-0.1952212649974758,1
1,2.7448437774731937,3.063847251004842,1,13,6,4.568240017171224,1,1,9,1,1,-1.0696373068996794,-0.0033393045188686884,0
0,-1.272149393487289,-0.7053344343000454,1,10,3,-0.5901178765831214,0,1,1,0,1,-0.44185616087964236,-0.17659008364970313,1
0,3.132359512124489,2.0587321349235386,1,9,7,-0.6648766866375322,1,1,14,0,1,-1.0696373068996794,0.453028601484305,0
1,3.8145222868483373,3.5241899741700786,1,9,7,3.1478226261374185,1,1,1,1,1,-1.0696373068996794,-0.1744772692700588,0
0,-1.32111652335608,-0.3786720215736219,1,10,3,-0.6394586912190325,0,0,0,0,1,-0.3721027002107493,-0.1954133390319889,1
1,0.2753807625384707,-0.15252112045532865,1,1,4,3.0730638160830077,1,0,0,1,1,-8.424330998658097e-05,-0.1954133390319889,1
0,1.3383051850351604,0.651570972409714,1,9,4,1.2788523747771483,1,1,6,0,1,1.1101583390032272,9.619569824588455,0
1,-0.7090273999961912,-0.9566132133203712,1,7,3,-0.6648766866375322,0,0,0,0,2,-8.424330998658097e-05,-0.1954133390319889,0
1,1.1483464915786432,-0.6550786784959802,1,7,3,0.08271141390657576,1,0,0,1,1,-0.255846932429261,-0.1954133390319889,1
1,-1.3844360878415856,0.4505479491934533,1,9,3,-0.365841446419889,0,0,0,0,1,2.4180357265449715,-0.1954133390319889,1
1,-1.075436613152318,-0.873188658685623,0,7,3,-0.6155358720016211,0,1,1,0,1,0.09292037091520411,-0.1952212649974758,1
1,1.7671897018169855,0.350036437585323,1,3,3,1.2160549743314435,1,1,15,0,1,-1.0696373068996794,1.9561999955839837,0
1,-1.0467317439188883,-0.9566132133203712,0,6,4,-0.6648766866375322,0,0,0,1,0,1.8367568876375295,-0.1952212649974758,0
1,-1.1455102645162776,-0.9234444144896883,1,10,5,-0.6020792861918272,0,0,0,0,1,0.09292037091520411,-0.1877303776514641,0
1,0.5007984121068713,-0.7887589889347936,1,9,3,-0.6529152770288265,0,0,0,0,1,-0.3721027002107493,-0.19445296885942331,1
1,-0.7512404429865284,-0.6379917215225981,0,8,3,0.257647029433897,1,1,6,0,1,-0.6046142357737261,-0.1954133390319889,0
1,1.3729198802872364,-0.11935232162464564,1,13,4,-0.6394586912190325,0,0,0,1,1,1.953012655419018,-0.1954133390319889,1
1,0.21206119805296497,-0.45405565527971964,1,7,3,-0.365841446419889,0,0,0,0,1,1.6042453520745528,-0.19234015447977898,1
0,0.1276351120722907,-0.6299508005939477,1,1,3,-0.5033976569200049,0,0,0,1,1,-1.0696373068996794,-0.1954133390319889,1
1,0.9718959718790336,-0.8812295796142735,0,7,3,-0.552738471555916,1,1,8,1,1,0.6741992098226459,-0.16429734544086344,0
1,0.24752015416484832,-0.1444801995266782,0,2,4,1.8769228552124348,1,1,7,1,1,0.06385642896983201,-0.1954133390319889,0
1,0.9440353635054113,-0.3535441436715893,1,2,4,-0.365841446419889,1,0,0,0,1,-1.0696373068996794,-0.15699853212936488,1
1,-1.124403743021109,-0.9234444144896883,1,1,3,-0.5901178765831214,0,0,0,1,0,0.5579434420411575,-0.1954133390319889,1
1,-0.7166257477344522,-0.45405565527971964,1,0,0,-0.6394586912190325,0,0,0,1,1,-0.4883584679922377,0.612834198199221,1
0,-0.7655928776032432,0.744041563089194,0,13,3,0.07075000429787003,0,0,0,0,1,-0.11634001109147493,-0.1954133390319889,0
1,-1.1522643513947313,-0.9154034935610378,1,5,3,-0.6529152770288265,0,0,0,0,1,0.5579434420411575,-0.05135781314714875,1
1,-1.1100513084043941,1.1370415734769832,0,5,3,-0.6274972816103268,1,0,0,0,1,-0.3721027002107493,-0.12338557608956884,1
0,-0.32911001308315696,-0.6550786784959802,1,6,3,-0.06680620620224584,1,0,0,0,0,1.0694688202797062,-0.1954133390319889,1
0,-1.067838265414057,0.9028497514300398,0,7,3,-0.365841446419889,1,1,4,1,1,-0.6046142357737261,-0.09937632177542881,0
1,-0.7512404429865284,-0.8058459459081757,1,2,3,-0.19090583089256777,0,1,1,1,1,1.2554780487300876,-0.19368467272137083,1
1,2.6114505616237285,1.606430332686952,0,7,6,0.8302995144506837,1,0,0,0,1,-0.41860500732334466,-0.1954133390319889,1
0,-0.6811667916225689,0.8525939956259746,1,10,3,1.8769228552124348,1,1,5,1,1,-0.3721027002107493,-0.1954133390319889,0
1,0.31083971865035404,-0.3203753448409063,1,13,6,0.45650546417862975,1,0,0,1,1,2.8830587976709245,-0.1954133390319889,1
0,2.132754654113305,-0.10226536465126349,0,0,0,0.8302995144506837,0,0,0,1,1,-1.0696373068996794,-0.19464504289393644,1
0,1.8372633531809452,-0.9234444144896883,1,0,0,-0.6648766866375322,0,0,0,1,0,-0.7092444267770656,-0.19022734010013467,1
1,0.810642147655946,-0.1444801995266782,1,12,6,1.42836999488597,1,1,8,0,1,0.7904549776041343,-0.1954133390319889,0
1,0.8950682336366204,0.05654282368958243,1,10,6,3.1478226261374185,1,0,0,1,1,-0.534860775104833,-0.1954133390319889,0
1,0.810642147655946,-0.7053344343000454,0,8,3,-0.5901178765831214,0,0,0,0,1,-1.0696373068996794,-0.15795890230193046,1
0,0.1842005896793426,-0.8058459459081757,1,3,4,-0.365841446419889,1,1,3,1,1,0.16267383158409712,-0.1954133390319889,1
1,-0.49796218504450557,1.5561745768828867,1,12,3,-0.30304404597418394,1,1,22,1,1,-0.255846932429261,-0.1458582381276039,0
1,-0.6110931402586094,0.37516431548735557,0,1,3,0.9798171345595054,1,0,0,1,0,-0.4883584679922377,-0.1954133390319889,0
1,-0.6955192262392836,1.3802794315686588,0,8,3,-0.41518226105580014,1,0,0,1,1,-0.1395911646477726,-0.13779112867805285,0
1,-0.07583175514113406,-0.45405565527971964,1,12,6,0.007952603852164964,0,0,0,1,0,0.9067107453856226,-0.1954133390319889,1
1,0.47293780373324884,-0.15252112045532865,1,7,4,0.8302995144506837,1,0,0,1,0,0.5579434420411575,-0.1954133390319889,1
1,-0.4489950551757146,-0.6470377575673298,1,8,3,-0.6274972816103268,0,0,0,0,1,-0.4883584679922377,-0.1954133390319889,1
0,-0.15350375424335455,-0.8229329028815578,1,8,3,-0.5901178765831214,0,0,0,1,1,0.6741992098226459,-0.1954133390319889,1
0,-0.723379834612906,-0.5877359657185329,1,4,2,-0.6648766866375322,0,1,1,0,1,0.09292037091520411,-0.18523341520279354,1
1,-1.2088298290017832,-0.3535441436715893,1,3,3,-0.6529152770288265,0,0,0,1,1,-0.1395911646477726,-0.1877303776514641,1
1,-0.1957167972336917,2.0165173000481236,1,5,3,0.8422609240593895,1,1,5,1,1,-0.09308885753517726,-0.1954133390319889,0
0,-0.2522822748407436,-0.24499171113480855,1,2,4,-0.5153590665287107,1,0,0,1,1,-0.07565049236795401,-0.1954133390319889,1
1,0.25427424104330215,-0.9566132133203712,1,7,3,-0.6648766866375322,0,0,0,0,2,-8.424330998658097e-05,-0.1954133390319889,1
1,-0.6879208785010227,-0.8390147447388587,1,7,6,-0.6394586912190325,1,0,0,0,1,-0.023335396866284254,-0.1954133390319889,1
1,-0.5545276626515575,1.304895797862561,1,7,3,0.08271141390657576,1,1,17,0,1,0.09292037091520411,0.03661209465986032,0
0,-1.0821907000307718,0.5510594608015836,1,10,3,0.14550881435228083,1,1,5,0,1,-8.424330998658097e-05,4.937957307365662,0
1,-1.223182263618498,-0.906357457516306,1,10,3,-0.5646998811646218,0,1,4,0,1,-0.1395911646477726,-0.19387674675588396,1
0,-1.3076083495991724,-0.8892705005429239,1,0,0,-0.6648766866375322,0,1,1,0,1,-0.1395911646477726,-0.17121201068333577,1
1,0.11412693831538309,-0.45405565527971964,1,5,3,-0.14156501625665663,0,1,2,1,1,3.115570333233901,-0.1954133390319889,1
0,-0.9487974841813066,1.0536170188422351,1,7,6,-0.365841446419889,1,1,4,0,1,-0.7789978874459585,0.08597512152973222,0
0,-0.8289124420887489,-0.6048229226919151,0,4,2,-0.6648766866375322,0,0,0,0,1,-0.1395911646477726,-0.1954133390319889,1
1,0.13523345981055165,-0.7475492691754602,1,11,6,1.2788523747771483,1,0,0,1,1,-0.11634001109147493,5.813622830710977,0
0,-0.5266670542779351,-0.5374802099144678,1,7,6,0.15747022396098656,1,0,0,1,1,1.022966513167111,-0.1952212649974758,1
0,-0.5756341841467261,-0.3535441436715893,1,10,6,-0.11614702083815696,1,1,18,0,1,-1.0696373068996794,-0.09937632177542881,0
1,-0.06232358138422647,-0.9566132133203712,1,8,3,-0.2910826363654782,1,1,1,0,1,0.10454594769335294,-0.1954133390319889,0
1,-0.9133385280694232,0.06558885973431415,0,4,3,-0.5781564669744157,0,0,0,0,1,-0.255846932429261,-0.1600717166815748,1
0,0.7397242354321794,0.6766988503117465,0,3,3,-0.6155358720016211,0,1,2,0,1,-8.424330998658097e-05,-0.19195600641075275,1
1,-0.18136436261697694,-0.7053344343000454,1,7,6,-0.5901178765831214,0,1,2,1,1,1.2554780487300876,-0.17466934330457193,1
1,0.7895356261607774,-0.8561017017122409,0,6,3,-0.5153590665287107,0,0,0,1,1,-0.3139748163200051,-0.1954133390319889,1
0,-0.17461027573852314,-0.8641426226408914,1,3,3,-0.5033976569200049,1,1,4,0,1,1.1392222809485992,-0.09937632177542881,0
1,1.9292877868998803,-0.8561017017122409,0,3,6,0.5193028646243348,1,0,0,0,1,-0.023335396866284254,-0.13510209219486916,0
1,0.2053071111745112,0.14901341436906232,0,7,3,-0.21632382631106742,0,0,0,1,1,-0.7208700035552144,-0.1954133390319889,1
1,-0.5545276626515575,1.4556630652747564,1,3,3,0.007952603852164964,1,1,2,1,1,-0.3721027002107493,-0.19445296885942331,1
0,-0.4211344468020922,-0.4460147343510692,0,0,0,-0.6648766866375322,0,0,0,1,1,-0.023335396866284254,-0.1838888969612017,1
0,0.1276351120722907,-0.026881730945165747,1,10,6,-0.17894442128386204,1,1,2,0,1,-1.0696373068996794,-0.1954133390319889,0
1,0.1774465028008888,-0.5213983680571669,1,7,3,-0.21632382631106742,0,0,0,0,2,-0.3721027002107493,-0.1954133390319889,1
1,0.38851171775257454,0.14901341436906232,1,2,4,0.8302995144506837,0,0,0,0,1,0.15104825480594827,-0.06345847732147532,1
1,-1.018871135545266,-0.8983165365876556,1,3,3,-0.5781564669744157,0,0,0,0,1,0.5579434420411575,-0.12549839046921316,1
1,-0.624601314015517,-0.7807180680061432,1,10,3,0.7181612993690676,1,1,2,1,1,1.953012655419018,0.18873472999425153,0
0,-0.09018418975784884,0.350036437585323,1,7,4,0.5312642742330406,1,1,7,1,1,-1.0696373068996794,0.39329357675072457,0
1,-0.976658092554929,0.4505479491934533,1,7,3,-0.5153590665287107,0,0,0,0,1,-1.0696373068996794,-0.1954133390319889,1
1,-0.5266670542779351,-0.8400198598549401,1,7,3,-0.5781564669744157,1,1,7,1,1,-0.5116096215485354,0.7887740138132392,0
1,-0.16785618886006934,-0.0017538530431331658,1,6,3,-0.06680620620224584,0,1,1,1,1,1.6042453520745528,-0.18235230468509675,1
1,0.9794943196172946,-0.5043114110837847,1,2,4,-0.44060025647429985,1,0,0,0,1,2.1855241909819947,-0.1954133390319889,1
1,-0.23792984022402885,-0.7224213912734275,1,3,3,-0.5153590665287107,1,0,0,0,0,0.5579434420411575,-0.1954133390319889,1
1,0.00015172224147267545,-0.3535441436715893,0,2,4,1.42836999488597,0,0,0,0,1,-1.0696373068996794,-0.1952212649974758,1
1,-0.9555515710597604,1.045576097913585,1,9,1,-0.6648766866375322,1,0,0,0,1,-1.0696373068996794,-0.1954133390319889,0
1,1.1339940569619285,0.7520824840178443,1,12,6,3.5216166764094723,1,1,1,1,1,-0.5581119286611307,0.18873472999425153,0
0,-0.7377322692296209,-0.49627049015513436,1,10,6,0.019914013460870704,1,1,7,1,1,-0.255846932429261,0.2624911592472897,0
0,-0.920092614947877,-0.3535441436715893,1,10,3,-0.6155358720016211,1,1,3,0,1,-0.4883584679922377,-0.19426089482491019,0
1,-0.31560183932624936,-0.6550786784959802,1,8,3,0.007952603852164964,0,1,1,1,1,-0.4883584679922377,-0.19483711692844954,1
1,0.7895356261607774,-0.5043114110837847,0,13,6,2.3254757155388996,1,0,0,1,1,-0.046586550422581925,-0.1954133390319889,1
1,2.098139958861229,4.672031436734927,0,7,3,7.857627659565298,1,1,21,0,1,-1.0696373068996794,-0.1925322285142921,0
0,2.7448437774731937,-0.9234444144896883,1,0,0,-0.6648766866375322,1,1,1,0,1,0.2789295993655855,-0.1762059355806769,0
0,-0.772346964481697,1.304895797862561,0,13,6,-0.44060025647429985,1,1,4,0,1,-1.0696373068996794,-0.1337575739532773,0
0,-0.6110931402586094,-0.45405565527971964,0,2,4,0.6807818943418621,0,0,0,0,1,0.09292037091520411,-0.10782757929400609,1
0,3.2024331634884486,0.24952492597719264,1,0,0,-0.6648766866375322,0,0,0,0,0,-1.0696373068996794,-0.1954133390319889,1
1,0.3387003270239764,-0.8058459459081757,1,3,3,-0.21632382631106742,0,0,0,1,1,0.2731168109765111,-0.1954133390319889,1
1,1.4151329232775738,1.4556630652747564,1,6,3,4.119687156844758,1,0,0,0,0,-0.4302305841014935,-0.1954133390319889,0
0,-0.2944953178310808,2.0587321349235386,0,9,7,-0.6648766866375322,1,0,0,0,1,-1.0696373068996794,2.3422688049553555,0
1,0.30408563177190023,-0.45405565527971964,1,3,3,0.6807818943418621,1,1,7,0,1,-0.1977190485385168,0.04852068479967377,0
1,1.5139114438749628,0.5681464177749658,1,2,4,1.6033056104132914,1,1,15,1,1,-1.0696373068996794,0.7649568335336122,0
1,4.110013587780697,0.14901341436906232,1,7,3,-0.5033976569200049,1,0,0,0,1,-1.0696373068996794,-0.13010816729752803,1
1,-0.1957167972336917,1.6566860884910173,1,1,6,-0.5153590665287107,0,0,0,0,1,0.2556784458092878,-0.1954133390319889,1
0,-1.2366904373754055,-0.8561017017122409,1,2,3,-0.6155358720016211,0,1,6,1,1,0.3254319064781808,-0.1886907478240297,1
0,-1.314362436477626,-0.9234444144896883,1,5,3,-0.365841446419889,0,1,2,1,1,0.7904549776041343,-0.1952212649974758,1
1,2.4071394335504968,1.9582206233154082,1,0,0,4.717757637280045,1,1,15,1,1,-1.0696373068996794,-0.0033393045188686884,0
1,-0.3012494047095346,-0.5545671668878499,1,3,6,0.5806050888689517,1,1,2,1,1,-0.017522608477209836,-0.1954133390319889,0
1,0.8385027560295684,-0.6470377575673298,1,2,4,0.38174665412421893,0,0,0,0,1,0.1859249851403948,-0.1954133390319889,0
1,-0.632199661753778,0.8525939956259746,1,5,3,-0.5901178765831214,0,0,0,1,1,-1.0696373068996794,-0.1954133390319889,1
1,-0.5967407056418946,1.7240288012684648,0,5,3,-0.6529152770288265,0,0,0,1,1,-0.3721027002107493,-0.10417817263825681,1
1,0.2686266756600169,2.0587321349235386,1,11,5,0.9424377295323,1,1,9,1,1,-1.0696373068996794,-0.1696754184072308,0
1,0.1774465028008888,-0.7053344343000454,1,8,3,-0.3165006317839779,0,0,0,0,1,-0.3721027002107493,-0.1954133390319889,1
0,0.7819372784225165,1.0536170188422351,1,10,6,-0.14156501625665663,1,0,0,0,1,-0.9010664436165213,-0.034647372144507284,0
1,-0.9411991364430455,-0.5877359657185329,1,7,3,0.007952603852164964,1,1,1,0,1,-0.4883584679922377,-0.16660223385502088,0
1,0.5007984121068713,-0.730462312202078,0,1,3,-0.21632382631106742,0,0,0,1,1,1.4356744887913946,-0.1954133390319889,0
1,1.4294853578942885,-0.10226536465126349,1,6,3,-0.6274972816103268,1,0,0,1,1,0.23824008064206456,-0.1954133390319889,0
1,-0.723379834612906,-0.8058459459081757,1,6,3,-0.5153590665287107,0,0,0,1,0,0.7904549776041343,-0.1954133390319889,1
1,0.2897331971551855,-0.2781605099654916,1,7,6,1.8141254547667294,0,0,0,1,1,-1.0696373068996794,-0.1954133390319889,1
1,-1.2865018281040037,-0.4037998994756545,1,5,3,-0.4660182518927995,0,1,1,0,1,-0.6046142357737261,-0.1913797843072134,1
1,-0.7512404429865284,1.1541285304503655,1,10,6,-0.26566464094697856,1,0,0,0,1,-0.4883584679922377,-0.1954133390319889,0
0,-0.8289124420887489,1.4054073094706914,1,7,3,-0.5901178765831214,0,0,0,1,1,-0.023335396866284254,-0.1954133390319889,1
0,-0.5477735757731037,-0.4460147343510692,0,5,3,-0.5901178765831214,1,0,0,1,1,1.081094397057855,-0.1954133390319889,0
1,0.40201989150948214,-0.5294392889858174,0,8,3,-0.6394586912190325,1,1,1,0,1,-0.7789978874459585,0.03257853993508479,0
0,-0.2522822748407436,-0.2027768762593938,1,7,3,-0.5901178765831214,0,1,1,1,1,-0.8371257713367027,-0.1658339377169684,1
1,-0.7934534859768656,1.4807909431767892,1,7,3,0.3324058394883078,0,1,2,1,1,-0.023335396866284254,-0.1621845310612191,1
1,0.21965954579122596,-0.6470377575673298,1,12,3,-0.2043624167023617,1,1,1,1,1,1.953012655419018,9.408288386624022,0
1,0.2897331971551855,-0.45405565527971964,1,2,3,-0.365841446419889,0,0,0,1,1,0.15104825480594827,-0.1954133390319889,1
1,-0.2522822748407436,-0.2279047541614264,1,5,3,-0.5901178765831214,0,0,0,1,1,-0.4883584679922377,-0.1954133390319889,1
0,-1.0467317439188883,0.13192645739568018,1,2,6,-0.5781564669744157,0,0,0,0,1,-0.6046142357737261,-0.10244950632763873,1
1,-0.7022733131177374,-0.7555901901041105,1,7,3,-0.41518226105580014,1,0,0,0,0,0.6741992098226459,-0.1954133390319889,0
1,-1.272149393487289,-0.9314853354183387,1,7,3,-0.6155358720016211,0,0,0,0,1,-0.30234923954185633,-0.1954133390319889,1
0,-0.9699040056764752,-0.9314853354183387,1,10,3,-0.365841446419889,0,1,1,0,1,0.3254319064781808,-0.04790048052591258,0
1,-0.779945312219958,1.2546400420584958,1,8,3,-0.06680620620224584,1,1,1,0,1,-0.6046142357737261,-0.1420167574373415,0
1,0.2053071111745112,0.06558885973431415,0,2,4,-0.3404234510013894,0,0,0,1,1,1.7205011198560412,-0.1954133390319889,1
0,2.1538611756084736,-0.8892705005429239,1,2,4,-0.365841446419889,1,0,0,1,1,0.39518536714707386,0.22657331479333623,1
1,-1.2932559149824576,-0.7887589889347936,1,6,3,-0.6394586912190325,1,0,0,0,0,0.09292037091520411,-0.1954133390319889,1
1,0.10652859057712212,-0.45405565527971964,1,12,6,0.15747022396098656,1,1,6,0,1,-0.1395911646477726,0.2025640604791962,0
1,1.4083788363991199,4.086049324059528,1,8,3,-0.14156501625665663,1,1,3,0,1,-0.3721027002107493,-0.19272430254880524,0
1,0.21965954579122596,-0.4037998994756545,1,2,4,0.08271141390657576,0,0,0,1,1,0.2789295993655855,-0.15699853212936488,1
1,-1.1176496561426552,-0.7133753552286959,0,9,1,-0.6648766866375322,0,0,0,0,1,-0.4883584679922377,-0.1954133390319889,1
1,1.0706744924764227,-0.8561017017122409,1,6,3,2.549752145702132,1,0,0,0,0,1.2554780487300876,-0.1954133390319889,1
1,0.6206834541994288,-0.6048229226919151,1,3,3,-0.5153590665287107,0,0,0,1,1,0.6741992098226459,-0.19502919096296267,1
1,0.0009959831012792504,-0.8058459459081757,0,5,3,0.38174665412421893,0,0,0,1,1,0.7904549776041343,-0.1954133390319889,1
1,-0.5477735757731037,-0.6128638436205656,1,13,3,-0.16698301167515628,1,1,1,1,1,1.2264141067847156,-0.19157185834172652,0
1,2.8579747326872975,1.2546400420584958,1,9,7,5.3158281177153315,1,1,7,1,1,-0.9417559623400423,-0.1954133390319889,0
1,0.8241503214128536,-0.9566132133203712,1,7,4,3.8206519166271153,1,0,0,0,1,-1.0696373068996794,-0.1954133390319889,0
1,-0.026864625272343123,-0.730462312202078,1,0,0,-0.6648766866375322,0,1,1,0,1,-0.5116096215485354,-0.19176393237623962,1
0,0.4374788476213655,-0.0097947739717836,1,0,0,-0.6648766866375322,0,0,0,0,1,-0.1395911646477726,-0.1954133390319889,1
1,0.06431554758678497,0.5510594608015836,1,9,4,-0.19090583089256777,1,0,0,1,0,1.371733816511576,-0.1954133390319889,1
0,0.0297008523347088,-0.32841626576955674,1,0,0,0.2441904436241031,0,1,2,1,1,0.09292037091520411,-0.19464504289393644,1
1,-0.5688800972682723,-0.4037998994756545,1,7,3,0.007952603852164964,1,1,6,0,1,-8.424330998658097e-05,-0.08016891832411678,0
1,-0.8145600074720342,-0.8480607807835905,0,13,3,-0.6529152770288265,1,1,1,1,1,3.813104939922831,-0.18408097099571483,0
1,0.22641363266967976,-0.3535441436715893,1,12,6,1.5524696195762921,1,0,0,1,1,-1.0696373068996794,-0.1954133390319889,0
1,1.7106242242099337,-0.3535441436715893,0,0,0,-0.21632382631106742,0,0,0,0,1,-0.023335396866284254,-0.19464504289393644,1
0,0.00015172224147267545,-0.6550786784959802,1,0,0,-0.6648766866375322,0,1,2,1,1,0.09292037091520411,-0.1752455654081113,1
1,0.5784704112090917,-0.8148919819529075,1,7,3,-0.552738471555916,0,1,2,0,1,0.23824008064206456,-0.09937632177542881,1
1,0.6417899756945974,-0.6128638436205656,1,13,3,-0.6274972816103268,1,1,5,1,1,1.7205011198560412,-0.1954133390319889,0
1,-1.1311578298995628,-0.4620965762083701,1,7,5,-0.37780285602859476,0,1,2,1,1,-0.1395911646477726,-0.08266588077278735,1
1,0.6274375410778826,0.048501902760932,1,12,3,0.38174665412421893,1,1,10,1,1,-1.0696373068996794,-0.1954133390319889,0
1,-0.976658092554929,1.2636860781032275,1,7,3,-0.06680620620224584,0,0,0,1,1,-0.27909808598555863,-0.1954133390319889,1
1,0.09977450369866832,-0.48722445411040266,1,1,6,1.0545759446139162,0,0,0,1,1,0.6276969027100505,-0.1954133390319889,1
1,-1.0965431346474865,0.19122824924447704,1,1,3,-0.5033976569200049,0,0,0,0,1,-0.3721027002107493,-0.1954133390319889,1
0,-1.3287148710943408,0.5761873387036162,1,10,3,-0.6274972816103268,0,1,1,1,1,-1.0696373068996794,-0.16468149350988967,1
1,0.655298149451505,0.22439704807516006,1,12,6,2.3254757155388996,1,1,14,1,1,1.2496652603410132,-0.1954133390319889,0
0,-1.0121170486668123,-0.8229329028815578,1,8,3,-0.16698301167515628,0,0,0,0,1,0.20917613869669247,-0.19445296885942331,1
1,-0.8643713982006322,1.1541285304503655,1,7,3,0.23222903401539735,1,0,0,1,1,-1.0696373068996794,-0.1954133390319889,0
0,-0.7512404429865284,-0.8058459459081757,1,7,3,-0.06680620620224584,0,1,2,1,1,0.09292037091520411,-0.11973616943381954,1
1,-0.49796218504450557,-0.30328838786752416,1,7,6,0.019914013460870704,0,1,1,1,1,1.3484826629552784,-0.1913797843072134,1
1,-0.8854779196958008,1.0707039758156176,0,9,6,-0.2910826363654782,0,0,0,0,1,0.4416876742596692,-0.1954133390319889,1
0,1.4716984008846257,-0.6550786784959802,1,4,2,-0.6648766866375322,1,0,0,1,1,-0.4883584679922377,-0.19022734010013467,1
1,-0.920092614947877,0.10679857949364759,1,10,3,-0.552738471555916,1,1,1,0,1,-0.1395911646477726,-0.1954133390319889,1
0,-1.0045187009285512,-0.9143983784449565,1,10,6,-0.5781564669744157,1,1,11,0,1,-0.6046142357737261,-0.17639800961519,0
1,-0.8221583552102951,-0.906357457516306,1,1,6,-0.4660182518927995,1,0,0,1,1,-1.0696373068996794,-0.1954133390319889,0
1,-0.40002792530692366,-0.8480607807835905,1,3,0,-0.6648766866375322,0,0,0,0,1,-0.4883584679922377,-0.1954133390319889,1
0,0.5919785849659993,0.048501902760932,1,12,3,3.3720990563006508,1,0,0,1,1,4.626895314393249,-0.1954133390319889,1
0,1.5628785737437536,1.564215497811537,1,5,3,0.019914013460870704,1,1,3,1,1,-0.16284231820407027,-0.1954133390319889,0
0,-1.3354689579727947,-0.8812295796142735,1,7,3,-0.365841446419889,0,0,0,0,1,-0.3721027002107493,-0.19195600641075275,1
0,-0.5967407056418946,1.606430332686952,1,7,4,0.755540704396273,1,1,2,0,1,-0.645303754497247,-0.11013246770816354,0
1,-0.8922320065742546,0.0062870678855172675,0,8,3,0.007952603852164964,1,1,1,1,1,-0.6046142357737261,-0.13779112867805285,0
1,-0.8010518337151266,1.2546400420584958,1,12,3,-0.4660182518927995,1,0,0,0,1,-0.4883584679922377,-0.1954133390319889,0
1,1.942795960656788,0.9360185502607226,1,0,0,3.645716301099794,1,1,11,1,1,-0.8952536552274469,-0.13779112867805285,0
1,-1.1387561776378237,0.14901341436906232,1,3,3,-0.5153590665287107,1,0,0,0,1,-0.6046142357737261,-0.1954133390319889,0
1,0.4307247607429117,-0.06909656582058048,0,3,3,-0.5901178765831214,1,1,10,1,1,0.7904549776041343,-0.1954133390319889,0
1,0.5573638897139231,1.0787448967442679,1,13,3,0.08271141390657576,1,1,6,0,1,1.953012655419018,-0.15776682826741736,0
1,-0.8221583552102951,-0.6470377575673298,1,3,3,-0.6394586912190325,0,0,0,1,1,0.9997153596108133,-0.1954133390319889,1
0,1.7182225719481947,0.350036437585323,1,2,4,0.257647029433897,0,0,0,1,1,-0.645303754497247,-0.1954133390319889,1
1,-0.7934534859768656,-0.5043114110837847,1,2,3,-0.6274972816103268,0,0,0,0,1,-0.1395911646477726,-0.19349259868685773,1
1,1.7604356149385318,-0.6550786784959802,1,1,3,0.45650546417862975,0,0,0,1,1,-1.0696373068996794,-0.12818742695239685,1
0,2.478057345774263,0.048501902760932,1,5,3,0.5312642742330406,1,1,4,0,1,-1.0696373068996794,-0.17639800961519,0
1,-0.9623056579382142,0.1741412922710949,1,8,3,-0.15352642586536236,1,0,0,0,0,-0.3721027002107493,-0.1954133390319889,0
1,-0.7022733131177374,-0.15252112045532865,1,7,4,-0.5901178765831214,1,0,0,1,1,-0.1395911646477726,-0.1954133390319889,0
1,0.38851171775257454,-0.8721835435695418,0,8,3,-0.5781564669744157,0,0,0,1,1,0.7265143053243156,-0.19502919096296267,1
0,0.9018223205150742,-0.6048229226919151,0,7,3,-0.6648766866375322,0,0,0,1,1,-0.1977190485385168,-0.1952212649974758,1
1,-0.6744127047441151,-0.7887589889347936,1,2,6,-0.6394586912190325,0,0,0,1,1,0.20917613869669247,-0.19445296885942331,1
0,0.3741592831358598,-0.7555901901041105,1,7,3,-0.06680620620224584,1,1,11,0,1,-1.0696373068996794,-0.10782757929400609,0
1,0.6764046709466736,0.048501902760932,1,0,0,-0.6648766866375322,0,1,2,0,1,-0.9708199042854143,-0.1952212649974758,1
0,-1.075436613152318,-0.06909656582058048,0,7,6,0.23222903401539735,1,0,0,0,1,0.3254319064781808,-0.1954133390319889,0
1,-0.3645689691950403,-0.8309738238102083,1,5,3,-0.5288156523385046,1,0,0,1,1,0.09292037091520411,-0.1954133390319889,1
1,0.07191389532504594,-0.3535441436715893,1,1,3,-0.6155358720016211,0,0,0,1,1,-0.3721027002107493,-0.1954133390319889,1
1,-1.02562522242372,-0.6550786784959802,0,12,3,-0.06680620620224584,1,0,0,1,1,-0.4883584679922377,-0.19157185834172652,1
0,-0.7588387907247894,1.2043842862544307,1,10,3,-0.5407770619472103,1,1,5,1,1,-1.0696373068996794,-0.08785187970464159,0
1,0.7051095401801032,0.2917397608526074,1,10,3,-0.6529152770288265,1,1,1,0,1,0.09292037091520411,-0.13779112867805285,0
1,-0.7512404429865284,-0.9234444144896883,1,7,2,0.007952603852164964,0,0,0,1,0,-1.0696373068996794,-0.1954133390319889,0
0,-0.6879208785010227,-0.7978050249795253,0,10,3,-0.21632382631106742,1,1,2,1,1,-0.6046142357737261,-0.11858372522674082,0
0,-0.132397232748186,0.10679857949364759,1,9,1,0.007952603852164964,1,1,5,1,1,-0.4941712563813121,-0.09937632177542881,0
0,0.7397242354321794,0.559100381730234,0,10,6,1.727405235103613,1,1,14,0,1,-1.0696373068996794,0.24635694034818761,0
0,0.4374788476213655,0.07362978066296458,1,9,3,0.8302995144506837,1,0,0,1,1,-1.0696373068996794,0.572882799020492,0
1,-0.0479711467675117,-0.5374802099144678,1,7,3,-0.6394586912190325,0,0,0,0,1,0.6741992098226459,-0.1954133390319889,1
0,-0.5401752280348426,-0.3786720215736219,1,13,6,-0.4032208514470944,1,0,0,0,1,1.022966513167111,-0.1954133390319889,0
1,-0.3502165345783255,1.5561745768828867,1,5,4,-0.5901178765831214,0,0,0,1,1,3.115570333233901,-0.1954133390319889,1
1,0.00015172224147267545,-0.15252112045532865,1,13,3,0.8302995144506837,1,1,3,1,1,0.6160713259319017,0.24232338562341207,0
1,0.21206119805296497,0.350036437585323,1,5,3,-0.6274972816103268,1,0,0,1,1,1.5054279494602876,-0.1954133390319889,1
1,-0.8010518337151266,-0.48722445411040266,1,3,3,-0.44060025647429985,0,0,0,0,1,-0.023335396866284254,-0.1954133390319889,1
1,-0.0412170598890579,-0.3364571866982072,1,7,3,0.08271141390657576,0,1,2,1,1,-0.1395911646477726,-0.18753830361695098,1
1,0.00015172224147267545,-0.8561017017122409,1,7,4,-0.41518226105580014,1,0,0,1,0,0.7904549776041343,-0.1954133390319889,1
1,-1.314362436477626,-0.32841626576955674,1,8,3,-0.6394586912190325,0,1,1,0,1,-1.0696373068996794,-0.19426089482491019,1
1,-0.3645689691950403,-0.6219098796652972,1,12,6,0.8557175098691834,1,1,9,0,1,1.2496652603410132,-0.03656811248963849,0
1,-0.5401752280348426,-0.3535441436715893,1,7,3,-0.2910826363654782,0,1,1,0,1,-1.0696373068996794,-0.19118771027270026,1
1,3.0546875130222686,0.14901341436906232,1,9,7,3.2225814361918292,1,1,1,1,1,-1.0696373068996794,-0.1954133390319889,0
0,-1.075436613152318,0.9531055072341049,1,8,3,-0.17894442128386204,1,1,6,1,1,-0.8371257713367027,-0.08016891832411678,0
0,-0.3645689691950403,-0.8983165365876556,1,6,6,-0.6274972816103268,0,1,1,1,1,0.5114411349285622,-0.17466934330457193,1
0,-1.0121170486668123,-0.8229329028815578,0,7,3,-0.365841446419889,0,1,1,0,1,10.555939471249156,-0.19502919096296267,1
1,-0.06907766826268028,-0.6379917215225981,1,1,3,-0.48994107111021096,0,0,0,1,0,-1.0696373068996794,-0.1954133390319889,1
0,1.5772310083604684,-0.7887589889347936,1,5,3,-0.5153590665287107,0,0,0,1,1,0.3254319064781808,-0.17294067699395385,1
1,-0.0412170598890579,-0.6550786784959802,0,8,3,-0.6529152770288265,0,0,0,0,0,-0.1395911646477726,-0.1954133390319889,1
1,1.6895177027147652,2.0587321349235386,1,7,3,1.8769228552124348,1,1,9,0,1,-1.0696373068996794,-0.1954133390319889,0
0,0.4231264130046507,-0.8983165365876556,1,0,0,-0.6648766866375322,0,1,10,0,1,0.09292037091520411,-0.19195600641075275,1
1,0.16984815506262785,-0.4037998994756545,1,6,3,0.6060230842874513,1,1,6,0,1,0.11617152447150178,-0.1954133390319889,0
0,-0.9065844411909694,-0.3535441436715893,1,5,3,-0.6529152770288265,1,0,0,0,1,-0.4883584679922377,-0.1954133390319889,0
1,0.38851171775257454,2.6869290824743532,1,8,3,-0.6394586912190325,0,0,0,0,1,0.7904549776041343,0.4868336315586142,1
1,1.6194440513508057,-0.8390147447388587,1,0,0,-0.6648766866375322,0,0,0,0,1,-0.2267829904838889,-0.1954133390319889,1
0,-0.6744127047441151,-0.7897641040508749,1,10,3,-0.5407770619472103,0,1,1,1,1,0.09292037091520411,-0.1933005246523446,1
1,0.30408563177190023,-0.052009608847198324,1,13,6,1.0545759446139162,0,0,0,1,0,3.0632552377322315,-0.1954133390319889,0
0,2.2669921308225778,3.2648702742211024,1,2,4,2.3254757155388996,1,1,13,0,1,-1.0696373068996794,1.0914826922059166,0
1,-0.280142883214366,-0.7807180680061432,1,6,3,-0.37780285602859476,1,1,3,1,1,1.23222689517379,-0.1954133390319889,0
1,0.00015172224147267545,-0.8309738238102083,1,3,3,-0.5901178765831214,0,0,0,0,1,1.1392222809485992,0.19065547033938274,1
0,0.015348417717994025,-0.3535441436715893,0,4,2,-0.6648766866375322,0,0,0,0,1,-0.1395911646477726,-0.19157185834172652,1
1,-1.02562522242372,0.350036437585323,1,8,6,-0.22828523591977318,1,1,7,0,1,-0.6046142357737261,0.37197335891976824,0
1,0.6341916279563364,0.24952492597719264,1,6,3,-0.2791212267567725,1,1,5,1,1,-0.44185616087964236,0.015291876828903974,0
1,-1.223182263618498,-0.2952474669388737,1,2,3,-0.5646998811646218,0,0,0,1,1,-0.255846932429261,-0.19502919096296267,1
1,1.1196416223452137,0.4505479491934533,0,7,3,-0.17894442128386204,0,0,0,0,1,-0.1395911646477726,-0.19502919096296267,1
1,-1.2932559149824576,-0.9566132133203712,0,5,3,-0.5901178765831214,0,0,0,0,1,-0.7208700035552144,-0.1954133390319889,1
0,0.810642147655946,0.350036437585323,1,10,3,-0.5153590665287107,1,1,3,1,1,-0.2267829904838889,-0.1954133390319889,0
1,-0.2235774056073141,2.0587321349235386,1,7,6,0.9304763199235943,1,1,11,0,1,-1.0696373068996794,0.24309168176146456,0
0,-0.4557491420541684,-0.5545671668878499,1,4,2,-0.6648766866375322,0,0,0,1,1,0.5346922884848598,-0.1952212649974758,1
1,0.5919785849659993,-0.28620143089414196,1,8,3,0.5312642742330406,1,1,14,0,1,1.1566606461158226,0.06273416335364466,0
1,-0.5401752280348426,0.24952492597719264,1,7,3,-0.365841446419889,1,1,3,0,1,-1.0696373068996794,-0.1954133390319889,0
0,-0.2868969700928198,-0.8812295796142735,1,10,3,-0.48994107111021096,1,1,4,0,1,-0.6046142357737261,-0.1954133390319889,0
1,3.533383420532692,2.6115454487682555,1,0,0,-0.6648766866375322,1,0,0,1,1,-1.0696373068996794,-0.1954133390319889,0
1,-0.7655928776032432,1.355151553666626,0,6,3,-0.21632382631106742,0,0,0,1,1,-1.0696373068996794,0.572882799020492,1
0,-0.3713230560734941,-0.7053344343000454,1,0,0,-0.6648766866375322,0,1,1,0,1,-0.534860775104833,-0.13779112867805285,1
0,-1.0467317439188883,0.7691694409912266,1,12,6,-0.44060025647429985,1,1,7,0,1,-0.5116096215485354,-0.1954133390319889,0
0,-0.5055605327827665,-0.9566132133203712,1,7,3,-0.6648766866375322,0,0,0,0,2,-8.424330998658097e-05,-0.1954133390319889,0
1,0.00015172224147267545,-0.9485722923917208,0,1,3,0.6060230842874513,0,0,0,1,1,1.6042453520745528,-0.1954133390319889,1
0,-0.7655928776032432,0.7520824840178443,1,10,3,-0.14156501625665663,1,1,10,0,1,-0.6046142357737261,-0.005260044863999891,1
0,-0.7301339214913598,-0.7053344343000454,1,10,3,-0.5901178765831214,0,0,0,1,1,-0.3721027002107493,-0.04002544511087465,1
1,-0.7022733131177374,1.5813024547849195,1,7,3,-0.6274972816103268,0,1,2,0,1,-1.0696373068996794,0.8709817005848546,1
0,-0.17461027573852314,-0.7385032331307284,0,13,3,-0.365841446419889,0,0,0,0,1,0.5579434420411575,-0.19291637658331837,1
0,0.0364549392131626,0.24952492597719264,1,1,3,-0.2910826363654782,0,0,0,0,1,0.5114411349285622,-0.1954133390319889,1
1,-0.3856754906902089,-0.6550786784959802,0,8,3,-0.552738471555916,1,0,0,1,1,0.4416876742596692,0.009145507724484126,0
1,-1.0332235701619807,1.2375530850851135,1,7,4,-0.48994107111021096,0,1,2,1,1,0.09292037091520411,-0.19406882079039708,1
1,0.3530527616406912,-0.4711426122531018,1,8,3,-0.6274972816103268,0,1,2,0,1,0.20917613869669247,-0.1952212649974758,1
1,-1.075436613152318,-0.9566132133203712,1,10,3,-0.4660182518927995,0,0,0,0,1,-0.1395911646477726,-0.1952212649974758,1
0,-0.23792984022402885,-0.2027768762593938,1,7,3,-0.3404234510013894,1,1,1,1,1,1.0869071854469297,-0.1954133390319889,0
1,0.24076606728639455,-0.10226536465126349,1,2,4,0.30698784406980817,1,1,2,0,1,0.523066711706711,-0.07824817797898558,0
0,0.14198754668900546,-0.3535441436715893,0,5,3,-0.06680620620224584,0,0,0,0,1,-0.023335396866284254,-0.1954133390319889,1
1,1.8870747439095432,0.9782333851361374,1,9,3,1.9262636698483457,1,1,5,0,1,-1.0696373068996794,-0.1954133390319889,0
1,-0.5334211411563888,-0.7555901901041105,1,5,3,-0.5153590665287107,0,0,0,0,1,0.09292037091520411,-0.1954133390319889,1
1,0.07191389532504594,-0.5213983680571669,0,3,0,-0.6648766866375322,0,0,0,0,1,-0.3721027002107493,-0.1954133390319889,1
0,-0.8854779196958008,0.048501902760932,0,0,0,-0.6648766866375322,0,0,0,0,1,-1.0696373068996794,-0.1954133390319889,1
0,2.104894045739683,2.259755158139799,1,4,0,-0.6648766866375322,1,1,15,0,1,-1.0696373068996794,-0.1479710525072482,0
1,0.05756146070833117,-0.9234444144896883,0,7,6,0.30698784406980817,1,1,1,1,1,1.441487277180469,1.341178937072973,0
0,-0.9344450495645917,1.4224942664440736,1,7,6,1.129334754668327,1,0,0,0,1,0.9067107453856226,-0.1954133390319889,0
0,-0.11129071125301741,0.14901341436906232,1,3,3,0.9798171345595054,0,0,0,1,0,-0.4883584679922377,-0.1954133390319889,1
0,-0.5899866187634408,-0.8219277877654766,1,5,6,-0.14156501625665663,1,0,0,0,1,1.2554780487300876,-0.1954133390319889,1
1,-0.7090273999961912,1.2797679199605285,1,13,6,-0.5273204761374164,1,1,1,0,1,-0.4883584679922377,-0.1954133390319889,0
0,0.00015172224147267545,1.304895797862561,1,0,0,-0.6648766866375322,0,0,0,0,1,-8.424330998658097e-05,0.8033716404362363,1
0,0.06431554758678497,-0.8480607807835905,1,12,3,-0.6529152770288265,1,0,0,0,1,1.4879895842930644,1.9513981447211557,0
1,-0.6457078355106856,-0.6550786784959802,1,1,6,-0.10418561122945123,1,1,6,0,1,0.09292037091520411,-0.1326051297461986,0
1,0.4374788476213655,-0.9314853354183387,0,7,3,-0.21632382631106742,0,0,0,1,1,0.2789295993655855,-0.17370897313200634,0
1,-0.14674966736490078,-0.7053344343000454,0,3,3,-0.5901178765831214,0,0,0,0,1,0.23242729225299014,-0.1954133390319889,1
0,-0.632199661753778,-0.8561017017122409,1,10,6,-0.2910826363654782,1,1,1,0,1,-1.0696373068996794,-0.06518714363209341,0
1,-0.8778795719575399,-0.906357457516306,0,7,6,-0.5901178765831214,0,0,0,0,1,0.5579434420411575,-0.1562302359913124,1
1,-0.012512190655628348,2.159243646531669,1,7,3,-0.5153590665287107,1,0,0,0,1,-0.3721027002107493,-0.1954133390319889,1
1,-0.7377322692296209,-0.3535441436715893,1,6,3,-0.2791212267567725,1,1,1,0,1,0.4416876742596692,-0.04175411142149273,0
1,0.5007984121068713,-0.6048229226919151,0,7,4,-0.5901178765831214,1,0,0,1,1,-0.11634001109147493,-0.11858372522674082,1
0,-0.5688800972682723,-0.052009608847198324,1,8,3,-0.365841446419889,0,0,0,1,1,1.022966513167111,-0.19426089482491019,1
1,0.40201989150948214,-0.1947359553307434,1,8,3,-0.3165006317839779,1,0,0,1,1,0.09292037091520411,-0.1954133390319889,1
0,1.3239527504184456,-0.8058459459081757,1,10,6,0.15747022396098656,1,1,1,0,1,0.8660212266621017,-0.024083300246285674,0
1,0.0432090260916164,-0.15252112045532865,0,12,3,-0.21632382631106742,0,0,0,1,1,-0.3721027002107493,-0.1954133390319889,1
0,-0.08343010287939505,1.1872973292810485,1,10,6,-0.6394586912190325,0,1,12,1,1,-0.3197876047090796,-0.19483711692844954,1
1,-0.31560183932624936,-0.6470377575673298,1,8,3,0.45650546417862975,1,1,5,1,1,-0.4883584679922377,-0.19483711692844954,0
1,1.9639024821519566,2.159243646531669,1,9,7,-0.6648766866375322,1,1,19,0,1,-0.18609347176036795,-0.1704437145452833,1
1,-1.3076083495991724,-0.8058459459081757,1,7,3,-0.14156501625665663,1,1,5,1,1,0.9764642060545157,-0.06288225521793596,0
1,-0.5899866187634408,1.5561745768828867,1,8,3,-0.4032208514470944,1,0,0,1,1,0.4416876742596692,-0.1954133390319889,1
1,0.09302041682021452,0.14901341436906232,1,10,6,0.9798171345595054,1,1,12,1,1,1.301980355842683,-0.0033393045188686884,0
1,-0.11804479813147122,-0.8561017017122409,1,7,3,-0.14156501625665663,1,1,11,0,1,-0.8836280784492981,-0.09169336039490399,0
1,-0.7866993990984118,-0.8641426226408914,1,3,3,-0.6274972816103268,0,0,0,1,1,0.5579434420411575,-0.18484926713376731,1
1,0.8596092775247369,-0.763631111032761,1,13,3,0.08271141390657576,1,0,0,0,1,1.8948847715282737,-0.08016891832411678,0
1,0.4307247607429117,-0.5545671668878499,1,2,3,-0.5901178765831214,0,0,0,1,1,0.2149889270857669,-0.1954133390319889,1
1,-0.48445401128759796,1.6235172896603345,1,12,3,-0.5153590665287107,0,0,0,0,1,-1.0696373068996794,-0.19502919096296267,1
1,-0.1391513196266398,-0.5877359657185329,1,7,6,0.631441079705951,1,0,0,0,1,0.4416876742596692,-0.15699853212936488,0
1,-0.9699040056764752,-0.906357457516306,1,10,3,-0.6274972816103268,0,0,0,0,1,0.09292037091520411,-0.1954133390319889,1
1,-1.0045187009285512,-0.8812295796142735,1,10,3,-0.06680620620224584,1,1,2,1,1,-0.6046142357737261,-0.1954133390319889,0
1,1.6760095289578576,-0.9485722923917208,1,13,6,-0.6529152770288265,1,0,0,0,1,-1.0696373068996794,0.3808087645073718,0
1,2.6325570831188974,0.4505479491934533,1,9,7,-0.6648766866375322,0,0,0,0,1,-1.0696373068996794,-0.19310845061783147,1
1,0.7608307569273479,-0.2952474669388737,1,6,3,0.38174665412421893,0,0,0,1,0,1.2554780487300876,-0.1954133390319889,1
0,-1.2865018281040037,-0.9143983784449565,1,5,3,-0.6274972816103268,0,0,0,0,1,0.09292037091520411,-0.1952212649974758,1
1,-0.17461027573852314,-0.8400198598549401,1,8,3,-0.5781564669744157,0,1,1,0,1,0.9067107453856226,0.3429701797082871,1
1,0.2053071111745112,-0.052009608847198324,1,5,3,-0.365841446419889,1,0,0,1,1,0.3254319064781808,-0.1954133390319889,1
0,3.378039422328251,-0.9566132133203712,1,7,3,-0.6648766866375322,0,0,0,0,2,-8.424330998658097e-05,-0.1954133390319889,0
1,0.8807157990199055,-0.9154034935610378,1,2,6,0.8676789194778891,1,0,0,0,1,1.2554780487300876,-0.1954133390319889,0
0,-0.7655928776032432,1.2546400420584958,0,10,3,0.23222903401539735,1,0,0,1,1,0.48818998137226455,-0.1954133390319889,1
1,-0.6034947925203484,-0.5545671668878499,1,9,1,-0.6155358720016211,0,1,2,0,1,0.7904549776041343,0.05428290583506738,1
1,1.0774285793548766,-0.8561017017122409,1,2,6,0.8302995144506837,1,0,0,1,1,0.7904549776041343,-0.1954133390319889,0
0,-0.723379834612906,1.4054073094706914,1,13,6,-0.5153590665287107,1,1,2,1,1,0.6741992098226459,-0.08958054601525967,0
1,0.24076606728639455,-0.6882474773266632,1,2,4,-0.6274972816103268,0,0,0,1,1,1.4879895842930644,0.6689198162770521,1
1,-0.7166257477344522,1.355151553666626,1,2,3,0.38174665412421893,1,1,9,0,1,-0.744121157111512,-0.05289440542325371,0
1,-0.47685566354933695,-0.7807180680061432,1,3,3,-0.552738471555916,0,1,2,1,1,-0.05821212720073076,-0.19483711692844954,1
0,-1.1809692206281608,0.8525939956259746,1,5,3,-0.2537032313382728,1,0,0,1,1,-1.0696373068996794,-0.1954133390319889,0
1,-0.9411991364430455,-0.7385032331307284,1,10,3,-0.21632382631106742,0,0,0,0,1,-0.44185616087964236,-0.19406882079039708,1
1,0.008594330839540225,2.292923956970482,1,1,3,0.23222903401539735,1,1,9,0,1,0.383559790368925,-0.05519929383741115,0
0,2.196074218598811,-0.5545671668878499,1,0,0,1.2788523747771483,0,1,1,0,1,-1.0696373068996794,-0.19349259868685773,1
1,2.3725247382984205,-0.6470377575673298,1,10,3,-0.6274972816103268,1,0,0,1,1,0.4416876742596692,-0.1954133390319889,0
0,2.836868211192129,1.857709111707278,1,0,0,-0.6648766866375322,1,1,11,1,1,-1.0696373068996794,0.0734903092863794,0
1,-0.1256431458697322,-0.7475492691754602,0,2,4,-0.5153590665287107,1,1,10,1,1,-0.30234923954185633,-0.19003526606562154,1
1,1.4362394447727422,0.350036437585323,1,10,6,1.129334754668327,1,0,0,1,1,0.9648386292763668,-0.1954133390319889,0
0,-0.6744127047441151,1.355151553666626,0,3,6,0.23222903401539735,0,0,0,1,1,-0.9533815391181911,-0.19234015447977898,1
1,-0.9623056579382142,0.9028497514300398,1,7,3,-0.16698301167515628,1,1,3,1,1,-0.8371257713367027,-0.19003526606562154,0
1,1.4016247495206662,0.5761873387036162,1,8,6,3.9701695367359373,1,1,12,0,1,-1.0696373068996794,-0.04367485176662394,0
1,-0.7022733131177374,-0.6550786784959802,1,10,3,0.04533200887937036,1,1,3,1,1,-1.0696373068996794,-0.08362625094535295,0
1,0.05756146070833117,1.857709111707278,0,0,0,-0.6648766866375322,0,1,2,0,1,-0.1395911646477726,-0.1952212649974758,1
1,0.16984815506262785,-0.8892705005429239,0,12,3,-0.6394586912190325,0,0,0,0,1,-0.023335396866284254,-0.1954133390319889,1
1,-0.6744127047441151,-0.8641426226408914,0,8,3,0.12009081893378117,1,1,6,1,1,0.13942267802779945,-0.1287636490559362,1
1,-1.2366904373754055,-0.8892705005429239,0,3,3,-0.5781564669744157,0,0,0,0,0,0.09292037091520411,-0.1954133390319889,1
0,-0.9065844411909694,0.7520824840178443,1,7,3,-0.6155358720016211,0,0,0,0,1,-1.0696373068996794,-0.12799535291788372,1
0,2.4493524765408337,2.3602666697479298,1,10,3,2.6245109557565427,1,0,0,1,1,-0.9475687507291167,1.8330805394610736,0
1,0.00015172224147267545,0.048501902760932,0,5,3,1.8769228552124348,1,0,0,0,1,-1.0696373068996794,-0.1954133390319889,1
0,-0.5545276626515575,1.5220006629361225,1,12,6,0.38174665412421893,1,1,6,0,1,1.2554780487300876,-0.10744343122497985,0
1,-0.8500189635839175,1.00336126303817,1,7,3,-0.5901178765831214,1,0,0,0,1,-0.255846932429261,-0.1954133390319889,1
1,-0.9411991364430455,-0.9566132133203712,1,7,3,-0.6648766866375322,0,0,0,0,2,-8.424330998658097e-05,-0.1954133390319889,1
0,-0.5334211411563888,1.7571976000991476,0,0,0,-0.06680620620224584,0,1,1,1,1,0.09292037091520411,-0.1952212649974758,1
1,0.9507894503838651,-0.026881730945165747,1,10,3,0.7047047135592737,1,0,0,0,0,-1.0696373068996794,-0.1954133390319889,0
1,-0.41353609906383126,-0.6048229226919151,0,7,3,-0.365841446419889,1,1,5,1,1,-0.1395911646477726,0.9141983583503067,0
1,2.2171807400939794,0.4585888701221037,1,6,3,3.5216166764094723,1,1,6,1,1,1.022966513167111,0.06042927493948723,0
1,2.055926915870892,1.355151553666626,1,0,0,0.8302995144506837,1,1,5,0,1,-1.0696373068996794,1.5046339404436382,0
1,1.6684111812195965,1.0536170188422351,1,2,4,-0.6648766866375322,1,1,11,0,1,-1.0696373068996794,0.04448713007489825,0
1,0.6975111924418422,-0.8561017017122409,1,6,3,-0.5901178765831214,1,0,0,0,0,0.6044457491537529,-0.1954133390319889,1
1,-0.3367083608214179,-0.5465262459591995,0,5,3,-0.06680620620224584,1,1,3,1,1,1.081094397057855,-0.08785187970464159,0
1,-0.11804479813147122,0.350036437585323,1,12,3,0.26960843904260273,1,1,8,0,1,0.8485828614948784,0.035075502383755355,0
1,1.7106242242099337,-0.5465262459591995,0,0,0,-0.21632382631106742,0,0,0,0,1,-0.3721027002107493,-0.1952212649974758,1
0,-0.5545276626515575,1.2546400420584958,0,5,3,0.6807818943418621,1,0,0,0,1,-0.3721027002107493,-0.1954133390319889,1
1,-0.16025784112180835,-0.8058459459081757,0,7,3,-0.6529152770288265,0,0,0,0,1,0.3254319064781808,-0.1954133390319889,1
0,0.1774465028008888,-0.8812295796142735,1,12,3,-0.552738471555916,0,0,0,0,1,0.6741992098226459,-0.18696208151341162,0
1,-0.49120809816605177,-0.8058459459081757,1,7,4,-0.5901178765831214,1,0,0,0,1,0.9590258408872924,-0.19099563623818716,0
0,-0.24468392710248266,-0.7475492691754602,1,7,3,0.08271141390657576,1,1,5,1,1,0.6741992098226459,0.07925253032177301,0
0,-1.1387561776378237,-0.8812295796142735,2,12,0,2.3254757155388996,0,0,0,1,0,0.6741992098226459,-0.1954133390319889,0
1,-0.9411991364430455,0.4505479491934533,1,7,3,-0.17894442128386204,1,1,3,0,1,0.09292037091520411,0.07176164297576132,0
1,-1.1877233075066147,3.465893297437363,2,0,5,-0.6648766866375322,0,0,0,1,2,1.5461174681838086,19.011990112280035,0
1,-1.1387561776378237,0.40029219338938815,0,6,3,-0.6529152770288265,0,0,0,0,1,-0.255846932429261,-0.1954133390319889,1
1,1.3594117065303288,-0.45405565527971964,1,6,4,0.08271141390657576,1,1,12,1,1,1.3136059326208318,0.28669248759594285,0
1,2.182566044841903,0.7520824840178443,1,9,6,1.42836999488597,1,1,3,0,1,-1.0696373068996794,-0.1954133390319889,0
1,-1.5043211299341432,-0.15252112045532865,0,8,3,-0.14156501625665663,1,1,2,1,1,-0.3721027002107493,-0.0033393045188686884,0
1,-1.0332235701619807,0.9531055072341049,1,10,3,-0.365841446419889,1,0,0,1,1,-0.7208700035552144,-0.11858372522674082,0
0,-0.8145600074720342,1.3883203524973091,1,3,6,-0.6394586912190325,0,0,0,0,1,0.7904549776041343,-0.19445296885942331,1
1,-1.1809692206281608,1.0536170188422351,1,8,6,-0.6155358720016211,0,1,1,0,1,-0.3721027002107493,-0.1952212649974758,1
1,0.2753807625384707,-0.45405565527971964,0,8,3,0.23222903401539735,0,0,0,0,0,0.09292037091520411,-0.1954133390319889,1
1,-0.2024708841121455,-0.253032632063459,1,8,3,0.38174665412421893,1,1,3,1,1,0.842770073105804,-0.1954133390319889,1
1,-0.8567730504623713,-0.8058459459081757,0,11,5,-0.44060025647429985,0,0,0,1,1,-0.30234923954185633,-0.19502919096296267,1
1,-1.1311578298995628,1.1038727746463004,1,7,6,-0.3404234510013894,0,0,0,0,1,0.7904549776041343,-0.19291637658331837,1
1,-0.3012494047095346,-0.3535441436715893,1,8,3,-0.44060025647429985,0,0,0,1,1,0.6741992098226459,-0.18254437871960985,1
0,1.204067708325888,1.1541285304503655,1,10,3,0.8302995144506837,1,1,7,1,1,-1.0696373068996794,-0.1954133390319889,0
1,-0.7444863561080747,1.355151553666626,1,2,3,-0.5407770619472103,0,0,0,0,1,-1.0696373068996794,-0.1954133390319889,1
0,0.00015172224147267545,-0.253032632063459,1,1,3,0.23222903401539735,1,0,0,1,1,0.6741992098226459,-0.1954133390319889,1
0,-0.9411991364430455,0.5510594608015836,1,3,3,-0.21632382631106742,1,1,1,0,1,-0.1395911646477726,-0.15046801495591877,0
0,-0.871125485079086,-0.48722445411040266,1,2,4,-0.5153590665287107,1,1,4,0,0,-0.6046142357737261,-0.1954133390319889,0
1,-0.41353609906383126,-0.10226536465126349,1,12,3,0.6179844938961571,1,1,1,1,1,-0.3721027002107493,-0.1954133390319889,0
0,-0.3578148823165865,-0.6219098796652972,1,0,0,-0.6648766866375322,0,0,0,0,1,0.9067107453856226,-0.1952212649974758,1
1,0.8874698858983593,-0.7475492691754602,1,8,3,0.8302995144506837,1,1,6,1,1,1.8367568876375295,1.7253270060992132,0
0,-1.124403743021109,1.0536170188422351,1,8,3,-0.365841446419889,0,1,1,0,1,-0.3721027002107493,-0.1952212649974758,1
0,-0.2590363617191974,-0.7555901901041105,1,10,3,-0.365841446419889,1,1,2,1,1,-0.09890164592425169,-0.09937632177542881,1
0,-0.8500189635839175,0.24952492597719264,1,5,3,0.08271141390657576,1,1,3,0,1,-0.6046142357737261,-0.019089375348944546,0
1,-0.8221583552102951,1.2546400420584958,1,13,3,-0.5781564669744157,1,1,6,0,1,-0.3662899118216749,-0.1954133390319889,0
1,-0.8145600074720342,-0.8561017017122409,1,7,3,-0.6274972816103268,0,0,0,0,1,1.022966513167111,-0.1954133390319889,1
1,0.09302041682021452,0.8525939956259746,0,8,6,0.9050583245050945,1,0,0,1,1,-0.17446789498221912,-0.1954133390319889,0
0,1.1618546653355508,-0.7555901901041105,1,10,3,-0.6274972816103268,0,0,0,1,1,0.45912603942689245,-0.1954133390319889,1
0,-0.6744127047441151,-0.8390147447388587,0,0,0,-0.6274972816103268,0,0,0,0,1,-0.3721027002107493,-0.17870289802934747,1
0,-1.1522643513947313,-0.8480607807835905,1,7,3,-0.14156501625665663,0,1,1,1,1,-0.6046142357737261,-0.19445296885942331,1
1,0.1208810251938369,-0.45405565527971964,0,8,3,1.42836999488597,0,0,0,1,1,0.5579434420411575,-0.1954133390319889,1
0,-0.7512404429865284,-0.8892705005429239,1,10,3,-0.44060025647429985,0,0,0,0,0,-0.1395911646477726,-0.1954133390319889,1
1,0.2618725887815631,-0.7395083482468098,1,6,3,-0.3165006317839779,0,0,0,0,0,-0.9068792320055957,-0.1954133390319889,1
1,-0.16025784112180835,-0.6721656354693624,1,8,6,-0.44060025647429985,1,1,1,0,1,0.3254319064781808,-0.1762059355806769,0
1,0.022102504596447824,-0.45405565527971964,1,5,3,1.5778876149947916,1,0,0,1,1,1.970451020586241,-0.1954133390319889,1
0,-0.920092614947877,-0.5877359657185329,1,10,3,-0.041388210783746174,1,1,5,0,1,0.20917613869669247,0.285347969354351,0
1,0.1842005896793426,-0.4037998994756545,1,2,4,-0.6648766866375322,0,0,0,0,1,-0.023335396866284254,-0.1954133390319889,1
1,-0.8010518337151266,-0.7897641040508749,1,7,6,-0.017465391566334695,0,0,0,1,1,-0.325600393098154,-0.1954133390319889,0
0,0.32519215326706885,1.4556630652747564,1,10,6,3.5216166764094723,1,1,8,0,1,-1.0696373068996794,1.0703545484094734,0
1,0.0297008523347088,-0.06005052977584876,1,12,6,1.1412961642770327,1,1,3,0,1,0.7381398821024645,-0.13779112867805285,0
0,-0.7512404429865284,-0.7978050249795253,1,2,3,-0.6394586912190325,0,0,0,0,1,-0.2325957788729633,-0.1954133390319889,1
1,-0.41353609906383126,1.9753075802887907,1,2,4,-0.6648766866375322,0,0,0,1,1,-0.03496097364443309,-0.1954133390319889,1
1,1.0495679709812542,-0.5545671668878499,1,6,3,-0.14156501625665663,1,1,2,1,1,-1.0696373068996794,-0.1925322285142921,0
1,-0.11804479813147122,-0.7385032331307284,0,7,3,-0.6529152770288265,0,0,0,0,1,-0.08146328075702843,-0.1610320868541404,1
1,0.5219049336020398,0.4505479491934533,1,10,6,2.774028575865364,1,1,7,1,1,0.6741992098226459,-0.19445296885942331,1
1,-1.223182263618498,-0.939526256346989,0,7,3,-0.6529152770288265,0,0,0,0,1,-0.255846932429261,-0.05673588611351611,1
1,1.4860508355013404,-0.49627049015513436,1,0,0,-0.5781564669744157,0,0,0,0,1,0.09292037091520411,-0.19483711692844954,1
1,-0.7301339214913598,-0.9224392993736069,1,6,3,-0.6394586912190325,0,0,0,0,0,-1.0696373068996794,-0.1954133390319889,1
0,0.2753807625384707,-0.7053344343000454,0,2,6,-0.5153590665287107,0,0,0,1,1,-0.1395911646477726,-0.1954133390319889,1
1,1.0706744924764227,1.2546400420584958,0,1,3,-0.21632382631106742,1,0,0,0,0,-1.0696373068996794,-0.1954133390319889,1
1,2.3581723036817057,-0.4037998994756545,1,8,3,-0.14156501625665663,1,1,5,1,1,-0.7208700035552144,-0.18427304503022796,0
1,-0.5123146196612203,-0.8812295796142735,1,6,3,-0.5901178765831214,1,1,3,0,1,0.4416876742596692,2.706441174392231,0
0,0.8452568429080222,-0.7475492691754602,1,5,3,-0.4660182518927995,0,0,0,0,1,0.3254319064781808,-0.1498917928523794,1
1,1.5206655307534165,2.862824227788581,1,0,0,-0.6648766866375322,1,1,1,0,1,-0.5232351983266842,-0.1954133390319889,1
0,0.1985530242960574,-0.6379917215225981,0,0,0,-0.6648766866375322,1,0,0,0,1,0.7904549776041343,-0.1954133390319889,1
1,-1.0467317439188883,-0.15252112045532865,0,2,3,-0.365841446419889,0,0,0,1,1,1.022966513167111,-0.0033393045188686884,1
0,-0.5967407056418946,-0.4711426122531018,0,7,3,-0.6648766866375322,0,0,0,0,1,-0.3721027002107493,-0.1954133390319889,1
1,-0.6955192262392836,-0.6550786784959802,1,7,6,-0.2417418217295671,1,0,0,0,1,1.3833593932897248,-0.15699853212936488,0
1,3.174572555114826,0.8525939956259746,1,0,0,0.5312642742330406,0,1,1,0,1,-0.6627421196644703,-0.19426089482491019,1
1,1.3594117065303288,-0.8983165365876556,1,7,4,3.8206519166271153,1,1,19,0,1,-1.0696373068996794,2.6856971786648143,0
0,0.14198754668900546,-0.45405565527971964,0,7,3,0.08271141390657576,0,0,0,1,1,-1.0696373068996794,-0.19502919096296267,1
1,0.9862484064957484,-0.3535441436715893,1,10,6,1.129334754668327,1,1,11,0,1,-0.6046142357737261,-0.1954133390319889,0
1,-0.723379834612906,-0.8309738238102083,0,5,3,-0.6274972816103268,1,0,0,0,1,-0.023335396866284254,-0.1952212649974758,1
1,0.2686266756600169,-0.45405565527971964,1,12,4,-0.5153590665287107,0,0,0,0,1,0.953213052498218,-0.1954133390319889,1
1,2.1116481326181367,2.762312716180451,1,1,4,3.8206519166271153,1,1,17,1,1,-1.0696373068996794,-0.1954133390319889,0
0,1.063920405597969,0.38320523641600596,1,10,3,1.5405082099675862,1,1,3,1,1,-1.0696373068996794,-0.1954133390319889,0
0,1.0774285793548766,-0.9566132133203712,1,7,3,0.08271141390657576,1,0,0,0,1,-1.0696373068996794,-0.1954133390319889,0
1,0.22641363266967976,-0.6048229226919151,1,8,4,-0.5901178765831214,1,0,0,1,1,-0.12215279948054936,-0.1954133390319889,1
0,1.1339940569619285,-0.03492265187381618,1,3,6,-0.365841446419889,0,0,0,1,0,0.3254319064781808,-0.1954133390319889,1
1,-0.08343010287939505,-0.4118408204043049,0,6,3,-0.6274972816103268,0,0,0,1,0,-0.6046142357737261,-0.1954133390319889,1
1,-0.32911001308315696,-0.8058459459081757,1,10,6,-0.6155358720016211,0,0,0,1,1,0.20917613869669247,-0.14720275636919575,1
1,-1.02562522242372,0.5008037049975185,1,6,3,-0.6529152770288265,0,1,1,0,1,-0.4883584679922377,-0.1952212649974758,1
0,0.8241503214128536,-0.7555901901041105,1,2,4,0.007952603852164964,1,0,0,1,1,-1.0696373068996794,-0.13779112867805285,0
0,-0.6811667916225689,-0.6550786784959802,1,8,3,-0.4032208514470944,0,0,0,1,1,-0.1395911646477726,-0.1954133390319889,1
1,0.008594330839540225,-0.7897641040508749,1,13,3,-0.26566464094697856,1,1,8,1,1,0.6916375749898691,0.43651023451617665,0
0,-1.1598626991329923,1.2546400420584958,1,13,6,-0.365841446419889,1,1,11,0,1,-1.0696373068996794,0.3808087645073718,0
0,0.13523345981055165,-0.5043114110837847,0,12,3,0.38174665412421893,0,0,0,1,1,0.09292037091520411,-0.16833090016563895,1
0,1.7671897018169855,0.4505479491934533,1,5,6,0.23222903401539735,0,0,0,0,1,-1.0696373068996794,-0.1954133390319889,1
0,-0.5190687065396741,-0.730462312202078,1,10,3,-0.2791212267567725,1,1,2,0,1,0.09292037091520411,-0.1954133390319889,1
1,0.7608307569273479,-0.6550786784959802,1,2,4,-0.6648766866375322,0,0,0,0,0,0.6741992098226459,-0.1954133390319889,1
1,-0.6457078355106856,-0.8390147447388587,0,12,6,-0.6274972816103268,0,0,0,0,1,0.3254319064781808,-0.1952212649974758,1
1,2.0626810027493456,1.5561745768828867,1,3,6,1.727405235103613,1,0,0,1,1,-0.9301303855618934,0.19411280296061892,0
0,-0.2590363617191974,-0.3455032227429389,0,13,6,0.0946728235152815,1,1,1,0,1,-0.6627421196644703,-0.1954133390319889,0
1,0.0432090260916164,-0.15252112045532865,1,6,3,0.08271141390657576,1,0,0,1,1,1.022966513167111,-0.1954133390319889,0
1,-0.8778795719575399,-0.7807180680061432,0,7,6,-0.5901178765831214,0,0,0,0,1,0.5579434420411575,-0.1562302359913124,1
1,0.21965954579122596,0.8867679095727389,1,7,3,0.6807818943418621,1,1,12,1,1,-1.0696373068996794,-0.15296497740458934,0
1,0.9862484064957484,4.11117720196156,1,10,6,-0.6020792861918272,1,1,1,0,1,3.3480818687968776,-0.1781266759258081,1
0,0.564117976592377,0.24952492597719264,1,3,3,-0.365841446419889,1,0,0,1,1,-1.0696373068996794,-0.1954133390319889,0
1,0.4940443252284174,-0.5465262459591995,1,8,3,-0.6529152770288265,1,0,0,1,1,1.2554780487300876,0.9186160611441084,0
1,-0.14674966736490078,-0.5465262459591995,0,13,6,-0.6529152770288265,0,0,0,0,1,-0.325600393098154,-0.1952212649974758,1
1,0.48644597749015644,-0.4208868564490366,1,12,3,-0.6155358720016211,0,0,0,1,1,-1.0696373068996794,-0.09918424774091568,1
1,-0.020110538393889325,2.9633357393967117,1,7,3,1.42836999488597,1,1,16,0,1,-1.0696373068996794,0.7649568335336122,0
1,0.3809133700143136,-0.4460147343510692,1,0,0,-0.6648766866375322,0,0,0,0,1,-1.0696373068996794,-0.0033393045188686884,1
1,-0.9344450495645917,-0.4711426122531018,1,7,3,-0.06680620620224584,1,1,11,1,1,0.09292037091520411,0.3808087645073718,0
1,1.3171986635399917,0.21635612714650962,1,8,3,0.9798171345595054,0,0,0,0,1,1.6333092940199248,-0.16660223385502088,1
1,-0.8078059205935804,0.6184021735790309,0,2,4,-0.6155358720016211,0,0,0,1,1,-8.424330998658097e-05,-0.1954133390319889,1
1,-0.9344450495645917,1.0536170188422351,0,7,3,0.08271141390657576,1,0,0,0,0,-0.8371257713367027,-0.1954133390319889,0
1,0.28297911027673167,-0.45405565527971964,1,8,3,-0.6648766866375322,1,0,0,1,1,0.3196191180891064,-0.15699853212936488,0
1,-0.632199661753778,-0.7807180680061432,1,6,3,-0.6394586912190325,0,1,4,0,1,0.40681094392522266,0.17913102826859553,1
1,0.48644597749015644,0.350036437585323,1,6,6,0.6060230842874513,1,1,12,1,1,-0.5290479867157586,-0.1954133390319889,0
0,-0.9133385280694232,0.9611464281627552,1,2,3,-0.6529152770288265,0,0,0,0,1,0.09292037091520411,-0.0033393045188686884,1
1,0.4307247607429117,-0.30328838786752416,1,10,6,2.0264404753212566,1,0,0,1,1,-0.47673289121408885,-0.07267803097810509,0
1,-0.7588387907247894,1.0616579397708854,1,13,3,-0.6529152770288265,1,1,9,0,1,-0.7208700035552144,-0.11935202136479331,0
0,-0.39242957756866265,1.7571976000991476,1,10,6,0.8302995144506837,1,1,2,0,1,-1.0696373068996794,0.7649568335336122,0
0,1.2749856205496546,-0.8641426226408914,1,12,6,-0.5407770619472103,1,1,11,1,1,1.4879895842930644,-0.19426089482491019,0
0,1.7393290934433632,-0.9566132133203712,0,0,0,-0.6648766866375322,0,0,0,0,1,-1.0696373068996794,-0.1954133390319889,1
1,0.6417899756945974,-0.45405565527971964,0,2,6,2.3254757155388996,0,0,0,1,0,0.09292037091520411,-0.1954133390319889,1
1,0.6417899756945974,-0.6299508005939477,1,7,3,-0.21632382631106742,1,1,10,0,1,0.011541333468162255,0.7073346231796762,0
0,-0.32911001308315696,-0.5465262459591995,1,8,3,-0.5901178765831214,0,0,0,1,1,-0.023335396866284254,-0.1858096373063329,1
1,-1.0467317439188883,0.9531055072341049,1,8,3,-0.21632382631106742,1,0,0,0,1,-0.3721027002107493,0.2283019811039543,0
1,0.6696505840682198,-0.10226536465126349,1,7,4,1.2788523747771483,1,1,16,0,1,-0.38954106537797256,0.03699624272888656,0
1,0.4096182392477431,-0.8058459459081757,0,1,3,-0.48994107111021096,0,0,0,0,1,0.3254319064781808,-0.19483711692844954,1
1,-0.4557491420541684,-0.906357457516306,1,2,4,-0.6648766866375322,1,0,0,1,1,-1.0696373068996794,-0.1954133390319889,0
1,0.662896497189766,-0.6128638436205656,0,6,3,-0.6155358720016211,0,0,0,0,0,1.2554780487300876,-0.1954133390319889,1
1,0.8739617121414517,-0.8721835435695418,1,7,6,-0.6020792861918272,1,1,6,0,1,0.20917613869669247,-0.01332715431355094,0
1,-0.8643713982006322,0.5510594608015836,1,5,3,-0.2417418217295671,1,1,1,0,1,-0.6046142357737261,1.6869121991965892,0
0,-0.9699040056764752,-0.7053344343000454,1,7,3,-0.6648766866375322,0,0,0,0,1,-1.0696373068996794,-0.1954133390319889,1
0,-0.3367083608214179,-0.3535441436715893,1,6,3,0.1694316335696923,0,1,1,1,1,0.5579434420411575,-0.19349259868685773,1
1,-0.8432648767054637,-0.7978050249795253,0,12,3,-0.4660182518927995,0,0,0,0,1,-0.1395911646477726,-0.1954133390319889,1
1,-0.280142883214366,0.07362978066296458,1,13,3,0.755540704396273,1,1,2,0,1,1.371733816511576,-0.19406882079039708,0
1,-0.39242957756866265,-0.5043114110837847,1,2,4,-0.5153590665287107,0,0,0,1,1,2.6505472621079478,0.572882799020492,1
0,-1.1100513084043941,0.9028497514300398,1,10,3,-0.30304404597418394,1,1,4,0,1,-0.7208700035552144,-0.09169336039490399,0
0,-0.7022733131177374,0.22439704807516006,1,10,3,0.2830650248523967,1,1,10,0,1,-0.3721027002107493,-0.14835520057627447,0
1,-0.6744127047441151,-0.5967820017632647,1,7,3,-0.5033976569200049,0,0,0,1,1,-0.27909808598555863,-0.1952212649974758,1
1,-0.27338879633591223,0.048501902760932,1,8,3,2.6245109557565427,1,0,0,1,1,-0.6627421196644703,-0.1954133390319889,0
1,-0.49796218504450557,-0.5123523320124352,0,5,3,0.5312642742330406,1,0,0,0,1,0.023166910246311092,-0.1954133390319889,1
0,-0.2522822748407436,-0.6219098796652972,1,10,3,0.0572934184880761,1,0,0,1,1,1.4879895842930644,-0.1954133390319889,1
1,-0.7301339214913598,-0.3203753448409063,0,7,3,-0.6155358720016211,0,0,0,0,1,-0.1395911646477726,0.007800989482892285,1
0,-0.5967407056418946,-0.7475492691754602,0,0,0,-0.5153590665287107,1,1,3,0,1,-0.023335396866284254,-0.16717845595856023,1
1,-0.5756341841467261,-0.8480607807835905,1,6,3,-0.365841446419889,0,0,0,1,1,-0.3721027002107493,-0.1952212649974758,1
1,0.0364549392131626,-0.6048229226919151,0,9,6,-0.6529152770288265,1,0,0,1,1,1.2147885300065668,-0.1954133390319889,0
1,1.3940264017824051,-0.2027768762593938,1,2,4,-0.365841446419889,0,0,0,0,1,-0.4883584679922377,-0.19502919096296267,1
0,-0.2657904485976512,-0.253032632063459,1,8,3,-0.41518226105580014,1,0,0,0,0,0.5579434420411575,-0.1954133390319889,0
1,-0.5190687065396741,-0.8480607807835905,1,8,3,-0.6155358720016211,0,1,1,0,1,0.5114411349285622,-0.11013246770816354,1
1,-1.0965431346474865,1.1119136955749507,1,0,0,-0.5407770619472103,0,0,0,0,1,-0.6046142357737261,-0.1954133390319889,1
1,-0.8356665289672027,-0.7224213912734275,0,3,3,0.08271141390657576,1,1,1,0,1,-0.023335396866284254,-0.19157185834172652,1
1,-0.5899866187634408,-0.7053344343000454,1,7,3,-0.5901178765831214,0,0,0,0,1,-0.4302305841014935,-0.1954133390319889,1
1,-1.2865018281040037,-0.1354341634819465,1,2,6,-0.5407770619472103,0,0,0,1,1,-0.3721027002107493,-0.1954133390319889,1
1,-0.40678201218537746,-0.5545671668878499,1,1,3,-0.44060025647429985,0,0,0,1,1,-0.6046142357737261,-0.1954133390319889,1
1,1.4016247495206662,-0.253032632063459,1,5,3,0.38174665412421893,1,0,0,0,0,0.26730402258743663,-0.1954133390319889,0
1,-0.6811667916225689,-0.4037998994756545,1,0,0,0.6807818943418621,0,0,0,0,1,-0.1395911646477726,-0.1906114881691609,1
0,0.7962897130392312,-0.5465262459591995,0,10,6,-0.6274972816103268,1,1,20,1,1,1.5751814101291806,0.04199016762622768,0
1,0.30408563177190023,4.094090244988178,1,13,6,-0.17894442128386204,1,1,1,1,1,1.9239487134736457,-0.09937632177542881,0
1,-0.6600602701274003,1.4556630652747564,1,7,3,-0.041388210783746174,0,0,0,0,0,-0.6046142357737261,-0.1954133390319889,1
1,-1.0889447869092257,0.048501902760932,1,10,3,-0.552738471555916,1,1,2,0,1,-1.0696373068996794,-0.18811452572049034,1
1,-0.10453662437456361,-0.8561017017122409,1,1,6,-0.6394586912190325,0,0,0,1,0,0.39518536714707386,-0.1954133390319889,1
0,-0.9977646140500975,-0.8058459459081757,1,7,3,-0.4271436706645059,1,1,5,1,1,-0.255846932429261,-0.19445296885942331,1
1,-0.4557491420541684,-0.7887589889347936,1,12,3,-0.3165006317839779,0,0,0,0,1,-0.4883584679922377,-0.1954133390319889,1
1,-0.23792984022402885,-0.6550786784959802,0,7,3,-0.21632382631106742,1,0,0,1,1,-1.0696373068996794,-0.15219668126653688,1
1,-0.24468392710248266,0.9199367084034221,1,10,6,1.0291579491954164,1,1,6,0,1,1.1450350693376738,-0.16314490123378472,0
1,-0.47010157667088315,-0.7555901901041105,1,10,3,-0.14156501625665663,1,0,0,1,1,0.5579434420411575,-0.1954133390319889,0
1,-0.6811667916225689,-0.3203753448409063,0,3,3,-0.5407770619472103,0,1,1,1,1,0.5579434420411575,-0.1800474162709393,1
1,-0.4422409682972608,1.6566860884910173,1,9,1,-0.6648766866375322,0,0,0,1,1,-0.255846932429261,0.017788839277574537,1
1,1.9216894391616195,0.40029219338938815,1,7,6,0.12009081893378117,1,1,11,1,1,-1.0696373068996794,-0.14086431323026277,0
1,0.00015172224147267545,-0.8812295796142735,1,1,3,-0.4032208514470944,1,0,0,1,0,4.32463031816138,-0.1954133390319889,1
0,-0.5334211411563888,1.5561745768828867,1,1,3,-0.365841446419889,0,0,0,1,1,-0.023335396866284254,0.008569285620944765,1
1,0.13523345981055165,-0.3203753448409063,0,13,3,0.2815698486513085,1,1,3,1,1,1.1392222809485992,-0.1954133390319889,0
1,0.6696505840682198,-0.6299508005939477,1,7,3,-0.21632382631106742,0,0,0,0,1,-1.0696373068996794,-0.13471794412584293,1
0,-1.1733708728899,-0.9566132133203712,0,4,0,-0.6648766866375322,0,0,0,0,1,-0.5697375054392795,-0.1954133390319889,1
1,-0.6457078355106856,-0.8229329028815578,1,7,3,-0.6155358720016211,0,0,0,0,1,-0.4883584679922377,-0.1954133390319889,0
1,-0.41353609906383126,-0.4118408204043049,0,12,3,0.9050583245050945,1,1,1,0,1,0.1568610431950227,-0.1954133390319889,0
0,-0.7655928776032432,-0.873188658685623,1,2,3,-0.5646998811646218,0,0,0,1,0,-0.2325957788729633,-0.1954133390319889,1
1,0.7051095401801032,-0.8480607807835905,0,5,3,-0.5153590665287107,1,1,3,0,1,0.09292037091520411,-0.0033393045188686884,0
0,-0.46334748979242935,0.7852512828485271,1,5,3,-0.2417418217295671,1,0,0,0,1,-0.1395911646477726,-0.16660223385502088,0
1,-0.976658092554929,-0.9566132133203712,1,1,3,-0.5153590665287107,0,0,0,0,1,-0.2325957788729633,-0.1954133390319889,1
1,0.00015172224147267545,-0.15252112045532865,0,2,3,-0.6394586912190325,0,0,0,1,1,1.3194187210099062,-0.1954133390319889,1
1,-0.40678201218537746,-0.052009608847198324,0,7,4,0.08271141390657576,0,0,0,0,1,0.09292037091520411,0.03699624272888656,1
0,-0.5612817495300113,-0.7053344343000454,1,0,0,-0.6648766866375322,1,0,0,0,1,-0.6046142357737261,-0.1954133390319889,1
0,0.05756146070833117,-0.6550786784959802,1,7,3,-0.5901178765831214,0,0,0,1,1,1.092719973836004,-0.17198030682138823,1
1,-1.1733708728899,-0.06005052977584876,1,7,3,-0.5901178765831214,0,0,0,0,0,-0.6046142357737261,-0.1954133390319889,1
0,0.5219049336020398,0.14901341436906232,1,10,3,-0.6274972816103268,1,0,0,1,1,0.2556784458092878,-0.1954133390319889,0
1,-0.7512404429865284,-0.4460147343510692,0,7,6,0.10812940932507542,1,0,0,0,1,-1.0696373068996794,-0.1954133390319889,0
0,-1.1522643513947313,1.0958318537176501,1,0,0,-0.6648766866375322,0,0,0,0,1,-1.0696373068996794,-0.1858096373063329,1
1,-0.6034947925203484,1.523005778052204,1,10,6,-0.19090583089256777,1,0,0,1,1,-0.3721027002107493,-0.1954133390319889,0
0,-0.49120809816605177,-0.8561017017122409,1,7,6,-0.4032208514470944,1,0,0,1,1,1.7844417921358597,-0.1954133390319889,0
1,-0.4557491420541684,1.5561745768828867,0,3,6,-0.2910826363654782,0,0,0,1,1,-1.0696373068996794,-0.19214808044526588,1
0,-0.7444863561080747,0.28269372480787563,1,5,3,-0.6155358720016211,0,0,0,0,1,0.20917613869669247,-0.0033393045188686884,1
1,-0.723379834612906,-0.8058459459081757,1,6,3,-0.5153590665287107,1,0,0,1,0,0.7904549776041343,-0.1954133390319889,1
1,-0.49796218504450557,-0.8983165365876556,0,7,3,-0.21632382631106742,0,0,0,1,1,-0.1395911646477726,-0.1954133390319889,1
1,1.4362394447727422,-0.9154034935610378,0,3,3,-0.5901178765831214,1,1,11,0,1,1.1392222809485992,0.32933292325785557,0
1,-0.8778795719575399,-0.9566132133203712,1,7,3,-0.5153590665287107,0,0,0,1,0,-1.0696373068996794,-0.1954133390319889,1
1,0.31083971865035404,2.3602666697479298,0,7,3,0.5312642742330406,1,0,0,0,1,-0.6046142357737261,-0.1954133390319889,1
0,-0.7301339214913598,1.3722385106400086,1,12,3,-0.6529152770288265,1,0,0,0,1,-0.6046142357737261,0.06369453352621027,0
0,1.4016247495206662,-0.6882474773266632,1,2,5,-0.5646998811646218,0,0,0,0,1,-1.0696373068996794,-0.1723644548904145,1
1,0.9651418850005798,-0.8983165365876556,0,12,6,-0.14156501625665663,1,1,8,0,1,-0.4883584679922377,-0.12338557608956884,0
1,0.00015172224147267545,1.1541285304503655,1,13,3,1.2788523747771483,1,0,0,0,1,-1.0696373068996794,-0.1954133390319889,0
1,-0.920092614947877,-0.873188658685623,1,7,3,-0.6274972816103268,0,0,0,0,1,-1.0696373068996794,-0.18696208151341162,1
0,-1.075436613152318,0.9611464281627552,1,5,3,-0.6394586912190325,1,0,0,0,1,-0.4883584679922377,-0.1954133390319889,0
0,-0.3502165345783255,1.9582206233154082,1,13,6,0.257647029433897,1,1,1,0,1,-0.3721027002107493,-0.1933005246523446,0
1,0.7962897130392312,-0.9485722923917208,1,9,3,-0.6529152770288265,0,1,1,0,0,2.1855241909819947,-0.1954133390319889,0
