X1,X2,X3,X4,X5,X6,X7,X8,X9,X10,X11,X12,X13,X14,X15,X16,X17,X18,X19,X20,X21,X22,X23,X24,"Y(1=default, 0=non-default)",Credit_Score
0,0,4,0,4,4,2,3,0,4,2,1,0,1,0,0,0,1,0,0,1,0,0,1,0,792.5730654680168
1,3,2,1,0,2,1,1,0,0,2,0,0,0,0,0,0,1,0,0,1,0,0,1,1,330.6750046034459
3,0,4,0,0,3,2,2,0,2,2,0,1,0,0,0,0,1,0,0,1,0,1,0,0,824.8367600051117
0,2,2,2,0,3,2,3,1,2,2,0,1,0,0,0,0,0,0,0,0,0,0,1,0,711.5100495903448
0,1,3,1,0,2,2,3,3,3,2,1,1,0,0,1,0,1,0,0,0,0,0,1,1,357.8372027239807
3,2,2,2,4,2,2,3,3,1,2,0,1,1,0,0,0,1,0,0,0,0,1,0,0,711.9745462706387
3,1,2,0,2,4,2,3,1,3,2,0,0,0,0,0,0,1,0,0,1,0,0,1,0,811.7142319482916
1,2,2,1,0,2,2,1,2,1,2,0,0,1,0,0,1,1,0,1,0,0,0,0,0,684.8966678405815
3,0,2,0,3,3,0,3,0,3,2,0,0,0,0,0,0,1,0,0,1,0,1,0,0,803.3526387362577
1,1,4,1,0,0,3,1,2,0,2,1,0,0,0,1,0,1,0,0,1,0,0,0,1,347.2292855017633
1,0,2,0,0,1,1,0,2,0,2,0,0,0,0,1,0,1,0,1,0,0,0,1,1,499.01407874130393
0,3,2,1,0,1,1,3,1,0,2,0,0,0,0,0,0,1,0,1,0,0,0,1,1,347.59842474535776
1,0,2,0,0,2,1,0,2,0,2,0,0,1,0,0,0,1,0,0,1,0,0,1,0,725.051835893941
0,1,4,0,0,4,2,3,2,3,2,1,0,0,0,1,0,1,0,0,1,0,1,0,1,388.7131446895269
0,0,2,0,0,2,1,3,2,0,2,0,0,0,0,1,0,1,0,1,0,0,0,1,0,571.6430774418205
0,1,2,0,1,2,1,1,2,1,2,0,0,0,0,0,0,1,0,0,1,0,1,0,1,384.432421063508
3,1,4,0,4,4,2,3,1,3,2,1,0,0,0,0,0,1,0,0,1,0,0,1,0,808.919174127122
0,1,0,2,4,1,2,2,2,0,0,2,0,0,0,0,0,1,0,0,1,0,0,1,0,677.5869157088573
1,1,2,3,0,4,1,1,3,2,2,0,0,1,0,0,1,1,0,0,0,0,0,0,1,318.7238079369727
3,1,2,0,2,4,2,1,2,1,2,0,1,1,0,0,0,1,0,0,1,0,0,1,0,792.6321169254413
3,0,4,0,0,2,2,3,2,2,2,2,0,1,0,1,0,1,0,0,1,0,0,1,0,823.8904015193416
0,0,2,0,2,2,2,2,0,2,2,0,1,0,0,0,0,1,0,1,0,0,0,1,0,762.5396074359269
0,0,4,0,0,1,2,2,0,2,2,1,1,0,1,1,0,1,0,1,0,0,1,0,0,776.0096427077794
1,0,4,0,1,1,2,3,1,2,2,0,0,0,0,0,1,1,0,0,1,0,0,1,0,753.7893248013015
3,0,4,0,4,2,3,0,2,0,2,1,0,0,1,0,0,1,0,0,1,0,0,1,0,800.4052128155618
0,0,2,0,0,2,2,1,0,1,0,0,0,1,0,0,0,1,0,0,1,0,1,0,0,681.152388944321
3,0,0,0,0,4,3,3,2,1,2,0,0,0,0,0,0,1,0,0,1,0,1,0,0,716.2529190359226
2,0,1,0,3,2,1,2,0,2,2,1,0,0,0,0,0,1,0,1,0,0,0,1,0,700.0925321438403
1,0,2,0,0,2,2,1,0,1,2,0,0,0,0,0,0,0,0,0,1,0,0,1,0,781.5460555647869
0,4,3,1,0,4,2,3,3,3,2,1,0,1,0,0,0,1,0,0,1,0,0,1,1,320.00679107505664
1,1,2,0,3,1,3,2,0,1,0,0,0,1,0,0,0,1,0,0,1,0,0,1,0,688.7389672261382
0,1,2,1,0,2,2,1,2,0,1,0,0,0,0,0,0,1,0,0,1,0,0,1,0,598.8778435057546
1,1,2,1,1,2,2,1,2,0,2,1,0,1,0,1,0,1,0,0,1,0,0,1,0,625.3186691862459
3,0,4,0,4,4,2,3,3,3,2,0,0,0,0,0,0,1,0,1,0,0,1,0,0,786.0537109832553
2,0,2,0,0,1,1,0,1,1,0,0,0,1,0,0,0,1,0,0,1,0,0,0,0,752.193464903363
1,3,4,1,0,1,2,1,1,0,2,1,0,0,0,0,0,1,0,0,1,0,1,0,1,333.9351102165405
3,3,4,1,0,2,2,2,3,1,0,0,0,1,0,0,0,1,0,0,0,0,0,1,0,669.6750877171878
2,1,2,0,0,2,2,1,0,1,1,0,0,0,0,0,0,0,1,0,1,0,0,1,1,375.5065674343421
2,0,2,0,0,2,2,1,2,1,2,0,0,1,0,0,0,1,0,0,1,0,0,1,0,650.9146903570945
1,0,2,0,0,2,2,2,0,0,2,0,0,0,0,0,0,1,0,0,1,0,0,1,0,690.1934676982485
3,1,2,0,2,4,2,1,2,0,0,0,0,0,0,0,0,1,0,0,1,0,0,0,0,738.6292247040935
1,0,2,0,2,2,0,0,2,0,2,0,0,1,0,0,0,1,0,0,1,0,0,1,0,720.2535416144985
1,1,3,1,0,2,2,3,0,2,2,0,1,1,0,0,0,1,0,0,1,0,1,0,0,683.6210545967228
0,1,4,1,1,3,3,3,2,0,2,1,0,0,0,0,1,1,0,1,0,0,0,1,0,740.9900277461547
0,3,4,1,0,4,1,3,3,3,1,1,0,0,0,0,1,1,0,0,0,0,1,0,1,485.5329693521993
3,0,4,0,0,1,1,3,2,1,2,1,0,0,0,1,0,1,0,0,1,0,0,0,0,752.537922479429
3,2,2,0,2,4,2,3,2,1,2,0,0,0,0,0,0,1,0,0,1,0,0,1,0,762.6047788685607
0,0,2,0,2,0,1,1,1,0,2,0,0,1,0,0,1,1,0,1,0,1,0,0,0,746.4547489682276
3,0,4,1,0,2,2,3,1,1,2,1,0,0,0,1,0,1,0,0,1,0,1,0,0,796.4532580501686
3,0,2,0,1,2,1,1,0,0,2,0,0,0,0,0,0,0,1,0,1,0,0,1,0,707.6720789212628
1,1,3,0,4,1,2,1,1,0,0,0,0,0,0,0,0,1,0,0,1,0,1,0,0,694.6938645457764
1,1,3,1,0,4,2,1,2,0,2,1,0,1,0,0,1,1,0,0,1,0,0,0,0,788.1254498532032
3,0,2,0,0,2,2,1,2,0,2,0,0,0,0,0,0,1,0,0,1,0,0,1,0,597.9087217576598
3,1,2,0,4,2,2,0,1,1,2,0,0,1,0,0,1,1,0,0,1,0,0,1,0,820.3741746203328
1,2,3,0,0,4,2,3,3,3,0,1,0,1,0,1,0,1,0,0,0,0,0,1,1,459.9824141280229
3,0,1,0,4,2,2,1,0,0,1,0,1,0,0,1,0,0,0,0,1,0,1,0,0,493.82186115426623
1,0,2,1,4,0,2,0,3,2,2,0,0,1,0,0,0,1,0,0,1,0,0,0,1,384.6183370614691
3,2,4,2,0,2,1,1,2,1,1,1,0,0,0,0,0,1,0,0,1,0,0,1,0,679.4348205972167
2,1,2,0,0,4,1,1,2,0,2,0,0,0,0,1,0,1,0,0,1,0,0,0,0,710.2672729182154
0,2,4,1,0,1,1,3,3,0,2,1,0,1,0,0,0,0,1,1,0,0,1,0,1,387.1696645431433
1,0,2,0,0,2,3,0,0,0,0,0,0,1,0,0,0,1,0,0,1,0,0,1,0,477.70744030952636
1,0,4,0,4,4,2,3,0,2,2,1,0,1,0,0,0,0,0,0,1,0,0,1,0,816.5356235907852
1,2,0,0,0,4,2,3,3,3,2,0,0,1,0,0,0,1,0,0,0,0,0,0,1,326.7646042089132
1,3,0,3,0,2,2,1,2,0,2,0,0,1,0,0,0,1,0,0,1,0,0,1,1,340.06355176110026
3,1,2,0,0,1,1,3,1,0,2,0,0,1,0,0,0,1,0,0,1,0,0,1,0,726.2544753426525
3,1,2,1,4,4,2,3,1,2,2,3,1,1,0,0,0,1,0,0,1,0,0,1,0,766.5522698152708
3,0,2,0,0,1,1,1,2,0,0,0,0,0,0,0,0,1,0,0,1,0,0,1,0,456.6853376298858
1,0,2,0,3,2,3,0,0,0,2,0,0,0,0,1,0,1,0,0,1,0,0,1,0,547.9134579137625
3,2,2,0,0,2,2,3,3,1,1,0,0,1,0,0,0,1,0,0,0,0,0,1,1,421.8342504125298
3,2,2,0,4,2,1,3,2,0,2,0,0,0,0,0,0,1,0,0,1,0,0,1,0,715.8929965038565
3,2,2,2,0,2,1,1,1,0,0,0,0,0,0,0,1,1,0,0,1,0,0,1,0,390.11613827566805
3,0,4,0,4,4,2,1,1,2,2,1,0,1,0,0,0,1,0,1,0,0,1,0,0,795.0203711721634
0,0,4,0,0,4,2,3,3,2,0,1,1,1,0,0,0,1,0,0,0,0,0,0,0,643.1114254929787
1,2,4,1,0,3,1,0,0,1,0,1,0,0,0,0,0,1,0,0,1,0,1,0,0,748.0495430120184
0,2,2,0,4,4,2,3,3,1,2,0,0,1,0,0,0,1,0,0,1,0,0,0,1,375.8903743521397
0,0,4,0,0,4,2,3,3,4,2,1,0,0,0,0,1,1,0,0,0,0,0,0,0,718.2696381086439
0,2,2,1,0,1,2,2,2,1,2,0,0,0,0,0,0,1,0,0,1,0,0,1,1,422.16560065366474
1,0,3,1,0,3,2,3,1,2,2,0,0,0,0,0,0,1,0,0,1,0,0,1,0,721.5251401502555
3,3,0,2,4,2,2,1,1,1,2,0,1,0,0,0,1,1,0,0,1,0,1,0,0,763.4510678664838
1,1,2,0,0,1,3,0,1,0,2,0,0,0,0,0,0,1,0,0,1,0,0,1,0,572.7491540145513
3,1,2,1,4,1,1,0,2,2,2,1,0,1,0,0,0,1,0,0,1,0,0,1,1,379.37239872629624
3,0,2,0,2,4,2,2,1,2,1,0,0,1,0,0,0,1,0,0,1,0,0,1,0,806.7407259412231
3,1,2,0,1,2,1,3,1,0,2,0,0,0,0,0,0,1,0,1,0,0,1,0,0,659.6997607796508
0,1,2,0,0,4,1,3,0,3,2,0,0,1,0,0,0,0,0,0,1,0,1,0,0,790.1080534216887
0,0,2,0,0,4,2,3,0,2,2,0,0,0,0,0,0,1,0,0,1,0,1,0,0,775.6596622056302
3,0,4,0,0,2,1,1,0,0,2,1,0,1,0,0,0,0,0,0,1,0,0,0,0,749.7779834249363
1,1,4,0,0,1,1,0,1,0,2,1,0,0,0,0,0,1,0,0,1,0,0,1,0,694.6153285692601
1,2,2,3,1,2,2,3,3,2,2,0,1,1,0,0,0,1,0,0,0,0,0,1,1,337.61128600380846
0,1,2,0,1,3,2,2,2,0,2,0,1,1,0,1,0,1,0,0,1,0,0,0,0,541.6623028507418
0,0,0,0,0,3,2,2,0,0,2,1,0,0,0,0,0,1,0,0,1,0,0,1,1,359.797585514654
3,0,4,0,0,4,2,3,0,3,2,0,0,0,0,0,0,1,0,0,1,0,0,1,0,829.1585538107505
0,0,4,0,0,4,2,2,0,3,2,0,0,0,0,0,1,1,0,0,1,0,0,1,0,809.4119092676965
3,0,4,0,4,4,1,2,1,1,0,0,1,0,0,0,0,1,0,0,1,0,1,0,1,386.7618505392272
2,1,4,0,4,4,2,3,3,0,2,1,0,0,0,0,0,0,1,1,0,0,0,1,0,711.7495157242452
1,0,2,0,3,4,2,3,0,3,2,0,0,1,0,1,0,1,0,0,1,0,0,1,0,825.9865183744727
1,3,0,4,0,1,2,3,3,3,2,0,0,1,0,0,0,1,0,1,0,0,0,1,1,322.763352902408
3,0,4,0,4,3,1,1,2,3,2,0,0,0,0,0,0,1,0,0,1,0,0,1,0,804.1987796180363
1,1,2,0,1,2,2,3,2,1,2,0,0,0,0,0,0,1,0,0,1,0,0,1,0,652.9604248425654
1,2,4,0,0,4,2,3,0,1,2,0,0,0,0,0,0,1,0,0,1,0,0,1,0,708.3530087644806
1,1,3,1,4,3,2,3,1,1,0,1,1,1,0,0,1,1,0,1,0,0,0,0,0,838.0054913240763
3,1,2,0,1,4,3,3,0,1,2,0,0,0,0,1,0,1,0,1,0,0,1,0,0,779.4441769143207
1,2,2,0,0,3,2,3,2,0,2,0,0,0,0,0,0,1,0,1,0,0,0,1,0,523.2269284073328
3,0,3,0,0,2,1,1,0,0,2,0,0,0,0,0,0,1,0,0,1,0,0,1,0,671.943062480948
1,0,4,0,0,3,2,2,2,1,2,0,0,1,0,0,0,1,0,1,0,0,0,1,0,720.3796858770331
3,0,2,0,4,1,3,3,2,0,2,0,0,1,0,0,1,1,0,1,0,0,0,1,0,752.2039661505614
1,1,4,3,0,2,2,2,2,1,2,1,1,1,0,0,0,0,1,0,1,0,0,0,1,384.81772799939506
3,1,1,1,0,4,2,3,3,1,0,1,1,1,0,1,0,1,0,0,1,0,0,0,1,367.7503931631828
1,0,2,1,0,3,2,1,2,1,2,0,0,0,0,1,0,1,0,0,1,0,0,1,0,397.72555066995005
0,1,2,2,4,1,1,1,1,0,2,0,0,1,1,0,0,1,0,0,1,0,0,1,0,712.1938578953276
1,0,2,0,2,4,3,1,0,1,2,0,0,1,0,0,0,1,0,0,1,0,0,1,0,772.5292664799395
1,0,3,0,1,4,0,1,2,1,0,1,1,0,0,0,0,1,0,0,1,0,0,1,0,485.6802531800813
2,0,2,0,0,1,1,3,1,0,2,0,0,1,0,0,0,1,0,1,0,0,0,1,0,706.5011285129233
1,1,2,1,0,3,2,2,0,0,2,0,0,0,0,1,0,1,0,1,0,0,1,0,0,701.0130239308635
3,2,4,2,0,2,1,1,0,0,1,1,0,1,0,1,0,1,0,0,1,0,0,1,1,336.62670554476745
0,0,2,0,2,4,3,0,0,1,2,0,0,0,0,0,0,1,0,0,1,0,0,1,0,698.4871413060039
3,3,4,0,4,4,2,0,0,2,2,0,0,1,0,0,0,1,0,0,1,0,0,1,0,814.4291299508391
0,2,2,1,4,3,1,2,2,0,2,0,0,1,0,0,0,1,0,0,1,0,0,0,1,406.9173271314638
0,0,4,0,4,1,1,2,0,0,2,1,0,0,1,0,0,0,1,1,0,0,0,1,0,806.2541599140699
0,2,4,1,2,2,1,3,2,0,2,1,0,0,0,0,0,1,0,0,1,0,0,1,1,371.4263129997571
1,0,4,0,2,3,0,2,2,1,2,0,0,1,0,1,0,1,0,0,1,0,0,0,0,692.4857287108896
0,1,2,0,0,2,1,1,0,0,2,1,0,1,0,0,0,1,0,0,1,0,0,1,1,403.3663809131437
3,1,4,1,0,4,1,1,2,1,2,1,0,1,0,0,1,1,0,1,0,0,0,0,0,818.6939254387252
3,0,2,0,0,2,2,1,0,0,2,0,0,0,0,0,0,1,0,1,0,0,1,0,0,710.7479057813543
2,0,4,0,0,4,2,3,3,3,2,1,0,1,0,1,0,1,0,0,0,0,0,1,0,742.2772302613043
1,1,2,0,4,1,1,2,0,0,2,0,0,0,0,0,0,1,0,1,0,0,0,1,1,430.31081544342317
0,0,4,0,0,2,2,1,1,0,2,1,0,0,0,1,0,1,0,0,1,0,0,1,0,665.9890151923756
0,0,2,0,0,2,3,1,0,1,2,0,0,0,0,0,0,1,0,0,1,0,1,0,0,726.1210850284655
1,0,2,0,0,2,2,1,2,0,2,0,0,0,0,0,0,1,0,0,1,0,0,1,1,398.7659892611933
1,0,4,0,0,0,2,1,2,1,2,1,0,1,0,0,1,1,0,0,1,0,0,0,0,731.136347195639
0,0,4,0,0,2,1,1,0,0,2,1,0,0,0,1,0,0,1,0,1,0,0,1,1,391.9939266459158
1,3,2,2,4,3,1,1,2,0,2,0,0,0,0,1,0,1,0,0,1,0,0,1,0,727.6096207915973
0,2,3,1,0,2,2,2,1,0,1,0,0,1,0,0,0,1,0,0,1,0,0,1,1,398.31123143190814
3,0,2,0,0,1,2,2,1,0,0,1,0,0,0,0,0,1,0,0,1,0,1,0,0,676.2554182161911
3,1,2,0,0,2,2,3,3,2,0,1,0,0,0,0,0,1,0,0,0,0,0,1,0,699.1707263442233
3,4,2,2,1,3,1,3,0,0,2,0,0,1,0,0,0,1,0,0,1,0,0,1,0,692.9197985747758
3,0,4,0,4,4,1,1,0,1,2,1,0,1,0,0,0,1,0,0,1,0,0,1,0,772.5112274862826
3,1,3,2,3,2,2,1,2,0,2,1,0,0,0,0,1,1,0,0,1,0,0,1,0,712.5939131825778
1,0,2,0,2,2,2,2,0,4,2,0,0,0,0,0,0,1,0,0,1,0,1,0,1,808.2888606581339
1,0,4,0,4,3,2,1,0,1,0,2,0,1,0,0,0,0,0,0,1,0,0,1,0,764.8367904013676
2,0,2,0,0,2,1,1,2,2,2,0,0,1,0,0,0,1,0,1,0,0,1,0,0,655.9185590996944
2,0,2,0,3,1,3,1,0,0,2,0,0,0,1,1,0,1,0,0,1,1,0,0,0,791.7403248966316
1,2,2,1,0,1,1,0,3,0,2,0,0,1,0,0,0,1,0,0,1,0,0,0,0,647.5102718706979
0,1,2,0,0,2,2,1,2,0,2,0,0,0,0,0,0,1,0,0,1,0,0,0,0,558.8296474496885
0,1,2,0,0,2,2,1,2,0,2,0,0,0,0,0,0,1,0,0,1,0,0,1,1,477.61558970872454
3,1,4,0,0,1,1,3,1,0,2,0,0,1,0,0,0,1,0,0,1,0,0,1,0,735.959705773719
1,3,1,0,1,3,2,1,2,0,2,0,0,0,0,0,0,1,0,0,1,0,0,1,0,661.2980275242119
0,0,4,0,0,4,1,3,3,1,2,1,0,1,0,1,0,1,0,0,1,0,0,1,0,713.8680207790235
3,0,4,0,1,3,1,2,2,2,2,1,0,1,0,1,0,1,0,0,1,0,0,1,0,816.761013109147
0,2,4,1,0,2,2,1,1,0,2,1,0,0,0,0,0,0,0,0,1,0,0,1,0,705.3025700315338
3,1,4,0,3,4,2,3,2,2,2,1,0,0,0,0,0,1,0,0,1,0,0,1,0,799.1960368830279
3,0,2,0,1,4,2,3,3,2,0,0,1,1,0,0,0,1,0,0,0,0,0,1,0,764.302693800772
3,0,2,0,0,2,2,3,1,1,2,0,0,1,1,0,0,1,0,0,1,0,0,1,0,806.6944283122978
2,2,2,1,0,2,2,0,2,0,2,0,0,0,0,0,0,1,0,0,1,0,0,1,0,703.3797775119851
1,1,4,2,3,4,1,3,3,0,2,0,0,0,0,0,1,1,0,1,0,0,0,1,0,765.0639958958983
1,1,3,1,1,3,2,3,2,1,2,0,0,1,0,0,0,1,0,1,0,0,0,0,0,790.3384385488918
0,0,2,0,0,2,1,3,2,0,2,0,0,0,0,0,0,1,0,1,0,0,0,1,1,463.2927693686644
0,0,4,0,1,4,2,3,0,2,2,1,1,0,1,0,0,0,0,0,1,0,0,1,0,826.432069276237
0,0,1,0,0,4,3,0,2,2,0,0,0,0,0,0,0,1,0,0,1,0,1,0,0,693.9975419188476
1,1,2,0,1,3,2,2,2,1,0,1,0,1,0,1,0,1,0,0,1,0,0,1,0,538.1355789758245
3,0,4,0,4,2,2,1,0,1,2,1,1,0,0,0,0,1,0,0,1,0,1,0,0,790.6537218314994
3,1,4,0,1,4,2,3,0,1,2,0,1,1,0,0,0,1,0,0,1,0,0,1,0,820.1268977324232
3,1,4,0,0,1,1,0,1,0,2,1,0,0,0,1,0,1,0,0,1,0,0,1,0,725.3970816056491
3,0,2,0,2,3,2,2,1,1,2,1,0,1,0,0,0,1,0,0,1,0,0,1,0,755.3501555857861
1,0,2,1,0,0,2,3,3,4,0,0,0,1,0,1,0,1,0,0,0,0,0,0,0,724.2971245316419
3,2,2,0,2,4,2,3,1,1,2,0,0,0,0,1,0,1,0,0,1,0,0,1,0,755.5635847349483
3,0,2,0,2,2,2,1,2,1,2,0,0,1,0,0,0,1,0,0,1,0,0,1,0,746.0511041371137
0,1,2,0,0,0,1,1,2,1,2,0,0,0,0,0,0,1,0,0,1,0,0,1,1,351.152443760004
1,0,2,0,3,1,1,0,0,0,2,0,0,0,0,0,0,1,0,0,1,0,0,1,0,778.2173116748338
3,1,2,1,0,3,1,3,1,0,2,0,0,1,0,0,0,1,0,1,0,0,0,1,0,798.683006852634
1,1,4,0,0,4,0,3,0,1,2,1,0,1,0,0,0,1,0,0,1,0,0,1,1,430.5887947727193
0,0,0,0,0,4,2,2,2,1,2,1,1,0,0,1,0,1,0,1,0,0,0,1,1,312.37038396633847
3,0,2,0,0,2,1,0,0,0,2,0,0,1,0,0,0,1,0,0,1,0,0,1,0,790.7533672829991
1,1,3,0,0,0,1,1,1,1,2,0,0,1,0,0,0,1,0,0,1,0,0,0,1,386.3530939786043
1,0,2,0,0,2,2,1,0,1,2,0,0,0,1,0,0,0,0,0,1,0,0,1,0,797.0819910070686
0,1,3,0,0,1,2,0,1,0,2,1,0,0,0,0,0,1,0,0,1,0,0,1,1,610.9380584137903
3,1,1,2,4,0,1,0,0,3,0,0,0,1,0,0,1,1,0,0,1,0,0,0,1,390.89211943219493
0,0,2,0,0,2,0,0,2,2,2,0,0,0,0,0,0,1,0,0,1,0,0,1,0,712.2232152159031
0,0,4,0,2,4,2,3,2,2,2,1,0,0,0,0,0,1,0,0,1,0,0,1,0,720.8659449060677
3,0,2,0,0,3,2,1,2,1,2,1,1,1,0,0,0,1,0,1,0,0,0,0,0,771.8317404208935
0,1,4,0,0,4,2,3,0,4,2,1,0,0,0,1,0,1,0,0,1,0,0,1,0,677.187941456335
3,2,3,2,0,1,0,0,2,0,2,1,0,0,0,0,0,1,0,0,1,0,0,1,1,395.7774161525847
1,2,3,1,0,2,0,1,0,0,1,1,0,1,0,0,0,1,0,0,1,0,0,0,1,324.6856486522377
0,1,1,0,4,2,2,1,1,1,2,1,1,0,0,1,0,1,0,0,1,0,1,0,1,328.1652935500041
3,1,4,0,3,2,2,3,0,2,2,0,0,1,0,0,0,1,0,0,1,0,0,1,0,811.428134311254
1,1,4,0,0,4,2,3,2,1,0,0,1,1,0,1,0,1,0,0,1,0,0,1,1,512.1428611222054
3,0,4,0,0,2,2,1,1,1,2,1,0,0,0,0,0,1,0,0,1,0,0,1,0,817.7760801953431
1,0,1,1,0,4,1,3,3,4,0,0,1,1,0,0,1,1,0,0,0,0,0,0,1,371.8517212655411
1,0,4,0,0,0,2,2,2,4,2,2,0,1,0,1,0,1,0,0,0,1,0,0,0,728.6053913796246
0,0,2,0,1,3,3,0,1,0,2,0,0,0,0,0,0,1,0,0,1,0,0,1,1,374.32929532157823
1,1,0,0,0,2,1,3,2,1,0,1,0,1,0,0,0,1,0,0,1,0,0,1,0,646.030878959973
3,1,2,1,3,2,2,2,1,3,2,2,0,1,0,0,0,1,0,0,1,0,0,0,1,392.9525252433392
1,3,0,0,1,3,2,3,3,1,2,0,1,0,0,0,0,1,0,0,0,0,1,0,1,359.28120963763854
1,1,2,1,0,2,2,1,2,1,2,0,1,1,0,0,0,1,0,0,1,0,0,1,1,414.47321630261985
3,0,2,0,0,3,3,1,0,0,2,0,0,0,0,0,0,1,0,1,0,0,0,1,0,775.2200234629611
1,3,2,0,1,2,2,3,1,0,2,0,0,0,0,0,0,0,0,1,0,0,0,1,1,352.13050293704976
1,0,4,0,0,4,1,2,2,1,2,1,0,1,0,0,0,1,0,0,1,0,0,0,1,439.0932528454574
3,0,4,0,0,2,1,0,2,0,2,1,0,1,0,0,0,1,0,0,1,0,0,1,0,823.0864197571296
1,0,2,0,1,1,1,3,2,0,0,3,0,0,0,0,0,1,0,1,0,0,0,1,1,326.6571358247622
1,1,2,0,4,4,2,3,3,1,0,0,0,1,0,0,1,1,0,0,0,0,0,1,0,730.8051380906904
1,1,3,1,0,4,0,2,3,1,2,0,0,1,0,0,0,1,0,0,1,0,0,0,1,528.4202234161511
3,0,4,0,2,4,2,1,2,2,2,1,0,1,0,0,0,1,0,0,1,0,0,1,0,768.4936219377701
0,0,2,0,0,2,3,2,0,0,2,0,0,0,0,1,0,1,0,0,1,0,1,0,0,639.4596506453645
3,1,3,1,0,3,2,3,2,0,2,1,0,0,0,0,0,1,0,0,1,0,0,1,0,772.6062620708569
0,0,2,0,0,3,3,3,1,0,2,0,0,0,0,0,0,1,0,1,0,0,0,1,1,395.31773535122943
3,0,4,0,0,4,2,0,0,1,2,1,1,0,0,1,0,1,0,0,1,0,1,0,0,780.8984770225098
0,1,4,2,0,4,2,3,3,1,2,2,1,1,0,0,1,1,0,0,0,0,0,0,0,669.4994034654794
3,0,4,0,0,4,2,3,0,2,2,2,0,1,0,0,0,1,0,0,1,0,0,1,0,824.3479091686231
1,0,4,0,0,3,2,2,1,0,2,0,0,0,0,0,0,1,0,0,1,0,0,1,0,732.2760438350638
0,1,2,1,0,2,3,1,2,0,1,0,0,0,0,0,0,1,0,0,1,0,1,0,0,554.2672880553973
3,0,2,0,3,3,2,1,1,3,2,0,0,0,1,0,1,1,0,0,1,0,0,1,0,821.2046533504712
3,0,4,0,4,2,2,1,0,1,2,1,1,0,0,0,0,1,0,0,1,0,0,1,0,805.747414718001
3,2,2,0,4,4,1,3,0,2,2,0,0,1,0,0,0,1,0,0,1,0,1,0,0,814.6264230745684
0,1,0,1,0,0,2,3,1,2,1,1,0,1,0,0,0,1,0,0,1,0,0,1,1,344.70539311397255
2,1,3,0,0,4,2,3,0,4,2,0,0,1,0,0,0,1,0,0,1,0,0,0,1,815.7993697554149
3,2,4,0,4,4,2,1,2,2,2,0,0,1,0,0,0,1,0,0,1,0,0,1,0,823.8390119992056
1,0,4,0,4,3,1,2,1,1,2,1,0,0,0,0,0,1,0,0,1,0,1,0,0,690.2116752722629
0,1,0,0,0,3,2,0,1,1,0,0,0,1,0,0,0,1,0,0,1,0,0,1,0,711.9451598576246
2,2,2,1,0,2,2,1,0,0,2,0,0,1,0,0,0,1,0,0,1,0,0,1,0,654.4307076864002
0,1,2,0,0,2,0,1,0,0,2,0,0,0,0,0,0,1,0,1,0,0,1,0,0,403.9815925072257
3,0,2,0,0,2,1,3,2,4,2,0,0,1,0,1,0,1,0,0,1,0,0,1,0,823.610195103737
1,0,2,0,0,1,3,0,0,0,0,0,0,0,0,0,0,0,0,0,1,0,1,0,0,771.5835387450538
0,0,2,0,4,2,1,3,1,0,0,0,0,1,0,0,0,1,0,1,0,0,0,1,0,367.6614574327392
3,0,2,0,0,2,2,1,0,0,0,1,0,0,0,0,0,1,0,0,1,0,0,1,0,741.7467348801824
3,1,3,0,4,2,2,3,0,1,2,1,1,1,0,0,0,1,0,0,1,0,0,1,0,790.7116504403764
3,0,2,1,0,2,2,1,2,0,2,0,0,1,0,0,1,1,0,0,1,0,0,1,0,742.6763836438425
3,2,0,0,0,2,2,1,2,0,2,1,0,0,0,0,0,1,0,0,1,0,0,1,0,694.0892531772848
1,3,2,2,3,3,2,1,3,0,0,1,0,1,0,0,0,0,1,0,1,0,0,1,1,376.0251599640589
0,0,2,2,0,4,2,3,3,3,2,0,0,1,0,0,0,1,0,0,0,0,0,0,1,359.08938680228204
3,0,2,0,0,3,2,1,2,0,2,0,0,0,0,0,0,1,0,0,1,0,0,1,1,533.9490356007473
0,1,2,0,0,1,2,0,3,0,0,0,0,0,0,0,0,1,0,0,0,0,0,1,0,698.1955794183019
2,2,2,1,0,2,2,1,2,0,2,0,0,0,0,0,0,1,0,0,1,0,0,1,1,473.60345783515197
3,0,2,0,2,4,2,3,3,2,2,0,0,0,0,1,0,1,0,0,0,0,1,0,0,728.9101201375761
3,0,2,0,1,3,2,0,3,1,2,0,0,0,0,0,0,1,0,0,1,0,0,1,0,761.2323129495
1,1,2,0,0,2,3,1,0,0,2,0,0,0,0,0,0,0,0,0,1,0,1,0,0,753.6767662884724
3,0,4,0,0,3,2,0,0,2,2,2,1,0,0,0,0,1,0,0,1,0,1,0,0,817.0888537201869
0,1,2,0,0,0,2,1,2,0,1,0,1,0,0,0,0,1,0,0,1,0,0,0,1,415.20858244483895
1,0,2,3,4,0,2,1,1,0,2,0,0,1,0,1,0,1,0,0,1,1,0,0,1,342.14976187840756
1,1,2,0,1,4,0,1,2,3,0,1,0,0,0,0,0,1,0,1,0,0,1,0,1,489.9061948948764
3,0,4,0,0,2,1,1,1,1,2,1,0,0,0,0,0,1,0,0,1,0,0,1,0,817.8362635771821
0,1,2,0,0,4,2,2,1,1,2,0,1,0,0,0,0,0,0,0,1,0,0,1,0,696.8409828644246
0,1,2,0,4,4,1,1,2,0,0,0,0,0,0,1,0,1,0,0,1,0,0,1,1,354.1423194377663
3,0,2,0,0,3,2,1,1,2,2,0,1,0,0,0,0,1,0,0,1,0,0,1,0,765.3109090348978
0,3,0,1,0,4,2,3,3,0,2,1,1,0,0,0,1,1,0,0,0,0,0,1,1,324.3093594030233
3,0,4,0,0,2,1,1,0,0,2,1,0,0,0,0,0,1,0,0,1,0,0,1,0,776.1331143653591
3,0,1,0,2,2,1,2,0,1,2,0,1,0,0,0,0,1,0,0,1,0,1,0,0,689.9095048789228
3,1,2,0,0,3,2,0,0,0,2,0,0,1,0,0,0,1,0,0,1,0,0,1,0,737.485496486753
3,0,4,0,0,4,2,3,0,2,2,2,0,0,0,0,0,1,0,0,1,0,0,1,0,822.9702843597001
3,0,0,0,1,2,2,0,3,1,0,0,0,0,1,1,0,1,0,1,0,0,0,1,0,640.4967942258764
2,1,2,0,0,2,2,1,0,0,2,0,0,0,0,0,0,1,0,0,1,0,0,1,0,720.73685593452
3,1,2,0,0,0,1,3,0,0,2,0,0,0,0,0,0,0,1,1,0,0,0,1,1,346.88853050380044
0,0,4,0,3,3,1,3,0,1,2,1,0,1,0,1,0,1,0,0,1,0,1,0,0,793.726193100317
2,0,2,0,0,2,1,1,2,2,2,0,0,0,0,0,0,1,0,0,1,0,1,0,0,721.5917004381806
1,1,2,0,0,2,1,1,3,0,0,0,0,0,0,1,0,0,0,0,1,0,0,1,1,347.4047975032301
3,1,3,1,1,2,2,2,1,1,2,1,0,0,0,0,0,1,0,0,1,0,0,1,0,744.2161359457823
1,0,2,0,4,3,2,0,2,0,2,0,0,1,0,0,0,1,0,0,1,0,0,1,0,656.6151818256642
1,4,3,1,4,2,2,0,0,0,2,0,0,0,0,0,0,1,0,0,1,0,1,0,0,750.5591223170868
3,1,4,0,0,2,2,1,0,1,2,1,0,0,0,0,0,1,0,0,1,0,1,0,0,798.0427130234877
0,0,1,0,0,2,0,0,3,0,2,0,0,0,0,0,0,1,0,0,0,0,0,1,1,367.6888701702319
3,0,2,0,1,1,1,3,2,0,2,0,0,1,0,0,1,1,0,0,1,0,0,1,0,771.4606717362667
3,0,4,0,1,0,1,3,0,3,2,2,0,0,0,0,0,1,0,0,1,0,1,0,0,667.8325183030631
0,0,2,0,0,2,2,1,0,0,2,0,0,0,0,0,0,1,0,0,1,0,0,1,0,649.5613134685226
0,1,2,0,0,4,1,3,2,3,2,0,0,0,0,0,0,1,0,0,1,0,0,1,0,617.8872336435475
0,1,4,1,0,4,2,3,3,1,2,2,0,1,0,1,0,1,0,0,0,0,0,0,0,690.9686459943929
3,0,4,0,0,4,1,3,3,3,0,2,0,0,0,0,0,1,0,0,0,0,1,0,0,734.4049237946604
3,0,4,0,0,4,2,3,0,1,2,1,1,0,1,1,0,1,0,0,1,0,1,0,0,804.013165309411
1,0,2,0,0,4,2,2,2,1,2,0,1,0,0,0,0,1,0,0,1,0,0,1,1,543.1923744637916
3,2,4,1,4,4,2,3,0,1,2,1,0,0,0,0,0,1,0,0,1,0,0,1,0,826.1222478475269
3,1,2,0,0,1,1,2,2,1,1,0,0,1,0,0,0,1,0,0,1,0,0,1,0,665.6209953107832
0,0,2,2,0,4,0,3,1,2,2,0,0,1,1,1,0,1,0,0,1,0,0,0,1,355.9516255236231
3,1,2,0,4,4,2,1,2,0,2,1,0,0,0,0,0,1,0,0,1,0,0,1,0,724.1074922038705
3,1,2,0,4,3,2,2,1,1,2,0,0,0,1,1,0,1,0,0,1,0,0,1,0,772.4859444328927
3,0,4,0,2,3,1,3,2,1,2,0,0,1,0,0,0,1,0,1,0,0,0,1,0,815.9034349747562
1,3,1,3,4,0,2,3,3,1,2,0,0,1,0,1,0,0,1,0,0,0,0,0,0,692.2641997344001
1,3,2,0,0,3,2,3,0,0,2,1,0,0,0,0,0,1,0,0,1,0,0,1,1,373.61065316336345
0,1,2,3,0,1,0,0,3,1,2,0,0,1,0,0,0,1,0,0,1,0,1,0,1,336.9769555758041
3,0,2,0,0,2,2,1,0,1,2,0,1,0,0,0,0,1,0,0,1,0,0,1,0,808.8410704288144
3,1,4,0,0,2,1,1,2,0,2,1,0,0,0,0,0,1,0,0,1,0,0,1,0,777.847505110896
0,0,2,0,4,4,0,3,1,2,2,0,0,1,0,0,0,1,0,0,1,0,1,0,0,731.7396046118188
3,0,2,1,0,1,1,3,1,1,2,0,0,0,0,0,0,1,0,0,1,0,0,1,1,407.79279186764853
3,1,2,0,1,2,2,3,2,0,2,0,0,1,0,0,0,1,0,1,0,0,0,0,0,708.3976867107658
3,0,4,0,3,4,2,3,3,0,2,1,0,1,0,0,1,1,0,1,0,0,0,1,0,755.0778221053201
3,0,2,0,0,2,2,1,0,2,2,0,0,0,0,0,0,1,0,0,1,0,0,1,0,825.5732581891109
2,1,1,0,4,3,2,3,2,2,0,0,0,0,0,0,0,1,0,0,1,0,1,0,0,812.017098012824
3,0,4,0,4,4,2,3,1,3,2,0,0,0,0,0,0,1,0,0,1,0,0,1,0,807.5039423514663
1,1,4,1,1,1,0,1,2,1,2,0,0,1,0,1,0,1,0,0,1,0,0,1,0,714.974615738181
0,3,2,2,0,1,1,0,0,1,2,0,0,1,0,1,0,1,0,0,1,0,1,0,0,658.1802376471405
0,3,2,1,0,3,2,2,1,0,2,0,1,0,0,0,1,1,0,0,1,0,0,1,0,688.0547004663691
1,3,3,2,1,0,2,3,3,1,2,0,0,1,0,0,0,1,0,0,0,0,0,0,0,736.1018361995207
1,0,2,0,0,2,1,3,0,2,2,1,0,1,0,0,0,0,0,0,1,0,0,1,0,766.6271018056293
0,1,3,0,0,1,3,3,0,2,1,0,0,0,0,0,0,1,0,0,1,0,0,1,1,396.06844511837147
3,0,2,0,0,2,3,1,0,0,2,0,0,1,1,0,0,1,0,0,1,0,0,1,0,816.5429736086977
1,2,2,2,0,1,3,3,2,0,2,0,0,1,0,0,1,1,0,1,0,0,0,0,1,381.98919863593954
0,1,4,1,0,4,1,3,3,2,2,1,1,1,0,0,1,1,0,0,0,0,0,0,0,713.7249016926767
2,2,4,1,0,4,2,3,3,3,2,0,0,0,0,0,1,1,0,0,0,0,0,1,0,780.1281494697024
3,3,4,2,4,4,0,1,2,2,0,1,1,0,0,0,0,1,0,0,1,0,0,0,0,623.1422110486482
1,3,2,2,0,1,1,1,2,0,2,0,0,1,0,0,0,1,0,0,1,0,0,1,1,329.43439614902735
3,0,2,1,4,1,1,3,2,0,2,0,0,0,0,0,1,1,0,1,0,0,0,1,0,633.8304574022436
3,0,2,0,4,4,2,1,1,2,2,0,0,0,1,1,0,0,1,0,1,0,1,0,0,805.9413845732173
3,1,2,0,0,2,2,3,0,2,2,0,0,1,0,0,0,1,0,0,1,0,0,1,0,807.0694727945404
1,1,4,0,3,3,2,1,2,1,2,1,0,1,0,0,0,1,0,0,1,0,0,1,0,781.7728836061424
3,0,2,0,0,0,1,3,0,3,2,0,0,1,0,1,0,1,0,0,1,1,0,0,0,747.2344081603198
1,2,0,0,0,2,1,0,2,2,2,0,0,1,0,0,0,1,0,0,1,0,0,1,1,419.067026188347
2,1,4,0,4,3,2,1,0,1,0,1,1,0,0,1,0,1,0,0,1,0,1,0,1,374.9084800981654
0,0,4,0,0,3,2,2,1,2,2,1,0,1,0,1,0,0,1,0,1,0,0,1,0,704.8739336192573
3,3,4,2,2,2,2,1,3,2,0,0,0,0,0,1,0,1,0,0,0,0,0,1,1,383.64182176298135
3,0,2,0,3,2,0,1,0,1,2,0,0,0,0,0,0,1,0,0,1,0,0,1,0,786.310564507618
3,1,2,1,4,3,1,3,1,0,1,0,0,0,0,0,1,1,0,1,0,0,1,0,0,818.7065651401624
0,0,2,0,1,1,3,2,3,1,2,0,0,1,0,0,0,1,0,0,1,0,1,0,1,543.5240681500629
1,0,2,0,0,2,1,3,0,0,2,0,0,0,0,0,0,1,0,0,1,0,0,1,1,470.16861061419854
1,0,2,0,0,2,3,3,0,0,2,0,0,0,0,1,0,1,0,1,0,0,1,0,0,670.4094547373383
1,3,2,1,4,0,2,3,3,1,0,0,0,1,0,0,0,1,0,0,0,1,0,0,0,730.7573753475465
3,1,2,1,1,2,2,0,2,0,1,0,0,0,0,0,0,1,0,0,1,0,0,1,0,775.3561270684728
2,1,2,0,0,1,1,3,2,0,2,0,0,0,0,0,0,1,0,0,1,0,0,1,0,557.3697537916557
1,0,2,0,0,3,3,2,2,0,0,0,0,0,0,1,0,1,0,0,1,0,1,0,1,353.37096144269447
2,0,2,0,4,1,2,1,0,0,2,0,1,0,1,1,0,1,0,0,1,0,1,0,0,738.407999137414
0,2,1,0,0,4,2,3,2,1,0,0,0,0,0,0,0,1,0,0,1,0,0,1,1,330.9440059321165
0,0,2,0,0,2,2,2,1,1,2,0,1,0,0,0,0,0,0,0,1,0,1,0,0,793.4768723748441
1,1,2,1,4,2,1,3,1,2,2,0,0,1,0,0,0,1,0,0,1,0,1,0,0,702.7578589835036
3,0,4,0,0,2,2,1,2,1,2,1,0,0,0,0,0,1,0,0,1,0,0,1,0,809.0227039269233
0,0,3,0,0,4,1,3,1,0,2,1,0,0,0,0,0,1,0,0,1,0,1,0,0,745.4211735348705
1,1,4,1,0,0,3,1,2,0,2,1,0,0,0,1,0,1,0,0,1,0,0,0,1,347.2292855017633
0,1,2,0,0,1,0,2,1,1,2,0,0,0,0,0,0,1,0,0,1,0,0,1,1,356.2273836813808
0,1,2,0,0,3,2,0,3,1,2,0,0,1,0,0,1,1,0,0,0,0,0,0,0,739.6789275374986
0,1,2,0,3,2,2,1,2,0,2,0,0,0,0,0,0,1,0,0,1,0,0,1,0,696.7507785255534
3,1,4,0,0,2,1,2,0,1,2,1,0,0,0,1,0,1,0,0,1,0,0,1,0,775.7097099542032
0,0,4,0,0,3,2,3,0,1,2,1,0,0,1,1,0,1,0,0,1,0,1,0,0,767.0052180828743
3,0,4,1,4,4,2,3,1,2,2,0,0,1,0,0,0,1,0,1,0,0,0,1,0,815.8941071672152
3,1,2,0,3,3,1,2,2,1,2,0,1,1,0,1,0,1,0,0,1,0,0,1,0,809.8085445310041
2,2,2,1,0,4,2,1,2,1,2,0,0,0,0,0,0,1,0,0,1,0,0,1,0,618.0741414409963
1,0,2,0,0,4,2,3,2,0,2,0,1,0,0,0,0,1,0,0,1,0,0,1,0,691.8637745699529
0,1,4,1,0,0,2,3,3,4,2,1,0,1,0,0,1,1,0,0,0,0,0,0,0,795.5619399276683
3,1,4,0,1,2,1,1,0,0,2,1,0,0,0,0,0,1,0,0,1,0,0,1,1,438.90856965070066
1,4,2,1,1,1,1,1,1,0,2,0,0,0,0,1,0,1,0,0,1,0,0,0,1,343.3346189169085
3,3,4,3,1,2,1,3,2,0,0,1,0,0,0,0,1,1,0,1,0,0,1,0,1,339.1977952622573
0,1,0,1,0,4,2,3,3,0,0,1,1,0,0,0,0,1,0,1,0,0,0,1,1,326.5623031987613
0,0,4,0,0,2,0,3,0,2,2,0,0,1,0,0,0,1,0,1,0,0,0,0,1,418.5699591720227
1,0,2,0,0,1,1,3,1,0,2,0,0,0,0,0,0,0,0,0,1,0,1,0,0,717.9155380843838
0,0,2,0,4,2,1,1,2,0,2,0,0,0,0,0,0,1,0,1,0,0,0,1,1,371.2716092354971
0,1,2,1,0,2,2,3,1,0,2,0,0,0,0,0,0,1,0,0,1,0,0,1,0,670.2746580296432
1,0,2,0,0,2,0,1,2,1,2,0,0,0,0,0,0,1,0,0,1,0,1,0,0,631.1386998626404
1,1,4,1,0,1,1,3,3,0,2,1,0,1,0,0,0,1,0,0,0,0,0,1,0,674.9664228194852
0,1,2,0,0,3,1,3,2,0,2,0,0,0,0,0,0,1,0,1,0,0,1,0,0,637.786358792129
1,1,2,0,2,1,3,2,0,0,2,0,0,0,0,0,0,1,0,1,0,0,0,1,0,655.3888482767602
1,1,2,1,0,4,2,0,0,1,0,0,0,1,0,0,0,0,1,0,1,0,0,0,0,760.8471513461528
2,0,2,1,0,1,2,0,1,1,2,0,1,0,0,1,0,0,0,0,1,0,1,0,0,726.6448945427095
3,0,4,0,0,2,1,1,2,2,2,0,0,0,0,0,0,1,0,0,1,0,1,0,0,793.4929877997415
1,0,4,0,0,1,2,3,0,0,2,1,0,0,0,0,0,0,0,0,1,0,0,1,0,741.1321802443902
1,1,2,0,2,0,1,3,3,0,2,0,0,0,0,0,0,1,0,1,0,1,0,0,0,672.5070729674002
3,0,3,0,1,2,2,1,0,1,2,1,0,0,0,0,0,1,0,0,1,0,1,0,0,748.6884812262989
1,0,4,0,3,4,2,2,3,1,2,1,1,0,0,0,0,1,0,0,0,0,0,1,1,372.7018189971578
3,0,2,0,0,1,1,3,0,0,2,0,0,1,0,0,0,1,0,1,0,0,0,1,0,741.9281155419984
1,0,2,0,0,2,1,1,2,0,2,0,0,0,1,0,0,1,0,0,1,0,0,1,1,540.8959149907218
3,1,4,0,4,0,2,3,3,1,2,0,0,1,0,0,1,1,0,0,1,0,0,0,0,815.3566198714215
0,0,0,1,0,2,2,1,1,0,2,1,0,1,0,0,0,1,0,1,0,0,0,1,1,337.8207965169543
3,0,2,0,2,4,2,3,3,2,2,0,0,1,0,0,0,1,0,0,0,0,0,1,0,790.2329796163131
1,1,2,0,0,1,2,1,0,0,1,0,0,0,0,1,0,1,0,0,1,0,1,0,1,442.4200233219757
3,0,4,0,4,4,2,3,0,2,2,0,0,1,0,0,0,0,1,0,1,0,0,1,0,825.7948376337326
3,2,3,1,0,2,2,1,2,0,2,1,0,1,0,0,0,1,0,0,1,0,0,0,1,409.90956079667177
3,0,2,0,0,2,3,1,0,0,2,0,0,0,0,0,0,1,0,0,1,0,0,1,0,789.4679000562074
0,1,2,0,0,3,1,3,0,0,2,0,0,0,0,0,0,1,0,1,0,0,0,1,1,388.36541073000956
1,1,2,0,4,2,2,3,3,3,2,0,0,0,0,0,0,1,0,0,0,0,0,1,0,679.6786350256361
2,0,2,0,4,4,2,2,2,1,2,0,0,0,0,0,0,1,0,0,1,0,0,0,0,732.6042656391601
2,0,3,0,0,2,1,1,2,1,1,1,0,1,0,1,0,1,0,0,1,0,0,1,0,756.837179338481
3,0,2,0,0,2,3,1,1,0,2,0,0,0,0,0,0,1,0,1,0,0,0,1,0,698.9951879918005
0,1,2,0,0,0,2,0,2,0,2,0,0,0,0,0,0,1,0,0,1,1,0,0,1,428.4436491000761
3,0,2,0,0,3,2,3,2,1,2,0,0,1,0,0,0,1,0,0,1,0,0,1,0,794.220111062012
3,1,4,0,0,3,2,0,2,0,2,1,0,0,0,0,1,1,0,0,1,0,0,1,0,826.030500433728
0,1,2,0,0,1,1,3,2,0,2,0,0,0,0,0,0,1,0,1,0,0,0,1,0,563.8893913400289
0,2,2,0,0,4,2,1,2,2,2,0,1,0,0,0,0,1,0,0,1,0,0,1,1,405.47914247239123
1,1,2,0,0,3,1,3,0,1,2,0,0,0,0,0,0,1,0,1,0,0,0,1,0,624.0294642963247
3,2,2,0,4,2,2,3,0,1,2,0,0,0,0,1,0,1,0,0,1,0,0,1,0,736.8301740600507
3,1,4,1,0,4,2,3,2,1,2,1,0,1,0,0,0,1,0,0,1,0,0,1,0,814.7345217712818
3,0,4,0,0,1,1,2,0,0,2,1,0,0,0,0,0,1,0,1,0,0,0,1,0,721.90009891264
3,4,4,3,4,4,2,3,3,3,0,0,0,1,0,1,0,1,0,0,0,0,0,0,0,707.6424546939608
1,4,1,4,1,4,1,3,3,3,0,1,0,1,0,0,0,1,0,0,0,0,0,0,1,331.5037114717322
0,3,1,2,0,3,1,3,2,1,2,0,0,0,0,0,0,0,0,1,0,0,0,1,1,348.15777303906464
3,1,3,0,0,0,3,2,0,1,2,1,0,0,0,0,0,1,0,0,1,0,0,1,0,760.4545041367737
3,0,3,0,4,4,2,3,3,1,2,0,0,0,0,0,0,1,0,0,0,0,0,1,0,718.2169645120694
1,2,2,3,0,4,2,1,3,3,2,0,0,1,0,1,0,1,0,0,0,0,0,0,1,337.6947286816206
3,0,4,0,1,2,1,3,2,2,2,1,0,0,0,1,0,1,0,0,1,0,1,0,0,741.1391583008401
0,1,2,0,4,3,2,3,2,1,2,0,0,1,0,0,0,1,0,0,1,0,0,1,0,686.9954343227705
1,1,2,3,0,0,1,3,3,1,2,0,0,1,0,0,1,1,0,0,0,0,0,0,1,397.579303878554
3,1,2,0,4,3,1,3,1,0,2,0,0,0,0,1,0,1,0,1,0,0,0,1,0,659.403452932198
2,0,2,0,0,1,2,0,0,0,2,0,0,0,0,1,0,1,0,0,1,0,0,1,0,742.1180181061711
3,1,3,1,1,2,2,1,1,0,2,1,0,0,0,0,0,1,0,0,1,0,1,0,0,662.5380066952926
3,1,4,0,0,2,1,0,2,0,2,1,0,0,0,0,0,1,0,0,1,0,0,1,0,811.484275632256
3,1,2,0,4,1,1,1,0,0,2,0,0,1,0,0,0,1,0,1,0,0,0,1,0,699.8133257936689
1,1,4,1,0,0,2,3,1,1,1,1,0,1,0,0,0,1,0,0,1,0,0,0,0,752.6962827686668
1,0,4,0,2,2,2,3,2,0,0,0,0,0,0,0,0,1,0,0,1,0,0,1,0,691.6665968782352
3,0,2,0,0,3,1,1,2,0,2,1,0,0,0,0,0,1,0,0,1,0,0,1,0,679.8465654735955
3,1,2,0,0,2,3,1,1,0,2,0,0,1,0,1,0,1,0,0,1,0,0,0,0,670.5597519606576
1,0,2,0,3,1,1,3,0,0,2,0,0,0,0,0,0,1,0,1,0,0,1,0,0,735.1143077621174
0,2,2,0,0,3,2,3,3,1,0,0,1,1,0,1,0,1,0,0,0,0,0,0,0,632.6953752026599
0,0,4,0,0,3,1,3,2,1,2,0,0,0,0,0,0,1,0,0,1,0,0,1,0,727.2418755791805
3,0,4,0,0,0,2,2,2,1,2,0,0,0,0,0,0,1,0,0,1,0,0,0,0,775.2355229013108
1,2,3,3,1,3,2,2,3,1,2,0,0,1,0,0,0,1,0,1,0,0,0,1,0,683.2600008257851
0,0,2,0,0,0,1,3,3,3,2,0,0,0,0,0,0,1,0,0,0,0,0,0,0,712.2590960964139
0,2,4,0,0,2,3,1,1,2,2,1,0,1,0,0,0,1,0,0,1,0,0,1,0,646.4122185075322
1,0,2,0,0,4,0,0,0,2,2,1,0,0,0,1,0,1,0,1,0,0,0,1,1,387.5761677606029
3,1,4,0,3,2,1,0,0,2,2,1,0,0,0,0,0,1,0,0,1,0,1,0,0,804.7265277813651
3,1,2,0,0,1,3,3,0,1,2,0,0,1,0,0,0,1,0,0,1,0,0,1,0,752.0884362988421
1,1,4,0,4,2,3,3,0,0,0,1,0,0,0,0,0,1,0,0,1,0,0,1,0,739.1437608031989
3,1,3,2,0,1,2,1,2,0,0,1,0,1,0,0,0,1,0,0,1,0,0,1,1,382.6709961154764
3,0,3,0,0,2,2,1,2,0,2,1,0,0,0,1,0,1,0,0,1,0,1,0,0,741.6554345195451
1,1,3,0,4,4,2,3,2,2,2,0,1,0,0,1,0,1,0,0,1,0,0,1,0,744.9141963591445
1,1,2,0,0,1,3,0,1,0,2,0,0,1,0,0,0,1,0,0,1,0,0,1,1,451.11519630267185
3,1,4,0,4,3,2,3,2,2,2,1,1,1,0,0,1,1,0,0,1,0,0,1,0,835.6677011639024
0,0,2,0,0,1,3,1,0,0,2,0,0,0,1,0,0,1,0,0,1,0,0,1,0,691.2473559033003
3,1,2,0,2,4,0,1,2,0,2,0,0,1,0,0,0,1,0,0,1,0,0,0,0,736.9895807171051
2,0,4,0,2,3,3,1,0,0,2,2,0,1,0,1,0,1,0,0,1,0,0,1,1,388.9361096782972
1,1,2,0,0,4,1,3,2,0,2,0,0,1,0,0,0,1,0,0,1,0,0,1,0,725.9220877602731
3,2,4,1,0,3,2,1,2,1,2,1,0,1,0,0,1,1,0,0,1,0,0,0,0,832.1114451045927
3,0,4,0,0,0,2,1,2,2,1,1,0,1,0,0,0,1,0,0,1,0,0,0,1,414.2277619891271
3,0,2,0,2,2,2,1,3,1,2,0,1,0,1,1,0,1,0,1,0,0,1,0,0,712.6152541122347
0,1,2,0,4,2,1,1,1,1,2,0,0,0,0,1,0,1,0,0,1,0,0,1,1,329.47738673205447
3,2,4,1,0,4,2,1,1,1,2,1,1,1,0,0,1,1,0,0,1,0,0,1,0,827.6752060816924
0,0,2,0,0,1,2,0,0,1,2,0,1,0,0,1,0,1,0,0,1,0,1,0,1,405.4536101233972
0,1,3,2,4,2,1,1,2,0,2,1,0,1,0,0,0,1,0,1,0,0,0,1,0,703.7059246006294
3,1,2,0,2,3,1,1,2,1,0,0,0,0,0,1,0,1,0,0,1,0,0,0,0,688.680225630151
1,1,2,0,4,2,1,1,1,1,2,0,0,0,0,1,0,1,0,0,1,0,0,1,1,404.84765377764563
3,0,2,0,3,3,1,2,2,0,2,0,0,0,0,1,0,1,0,1,0,0,0,1,0,731.8626661556933
1,0,2,0,4,2,2,1,2,0,2,0,0,0,0,0,1,1,0,0,1,0,0,1,0,746.5438293154647
1,0,4,0,0,3,2,2,0,2,2,1,1,0,0,1,0,1,0,0,1,0,1,0,0,792.5525887196828
3,1,3,0,1,3,2,2,0,1,2,1,0,0,0,0,0,1,0,0,1,0,0,0,0,774.8042367506237
1,0,2,0,4,4,1,1,1,0,0,0,0,1,0,0,0,1,0,0,1,0,0,1,1,395.78034924434826
1,1,2,0,0,2,3,2,2,0,2,0,0,1,0,0,1,1,0,1,0,0,0,1,0,621.6760070934372
3,1,4,0,0,4,2,1,2,0,2,1,0,0,0,0,0,1,0,0,1,0,0,1,0,774.5144774023324
3,1,4,0,3,2,2,2,0,2,2,1,0,0,0,0,0,1,0,0,1,0,0,1,0,789.1930369643263
3,0,2,0,0,4,2,3,2,0,2,0,0,0,0,0,0,1,0,0,1,0,0,1,0,744.7848659219796
0,1,4,0,0,0,1,3,3,3,2,2,1,0,0,0,0,1,0,0,0,1,0,0,1,681.8662059941189
3,0,2,0,0,3,2,3,0,4,2,0,0,0,0,0,0,1,0,0,1,0,1,0,0,818.0308412770278
1,1,2,3,0,2,2,2,2,0,0,1,0,1,0,0,0,0,1,0,1,0,0,0,1,363.4171914956352
0,0,4,0,0,0,2,3,3,1,2,2,0,1,0,0,0,1,0,0,0,0,0,0,0,716.9626751858085
3,1,4,0,0,2,0,1,0,1,2,1,0,1,0,0,0,1,0,0,1,0,0,1,0,752.565352348759
0,0,2,0,0,2,2,1,0,0,2,0,0,0,0,0,0,1,0,0,1,0,0,1,0,649.5613134685226
1,0,2,0,4,2,3,0,0,0,2,0,0,1,0,0,0,1,0,0,1,0,0,1,1,396.15462294484024
3,0,2,0,2,3,3,3,0,0,2,0,0,0,0,0,0,1,0,1,0,0,1,0,0,767.9879414300774
3,1,4,0,3,4,1,3,0,1,2,1,0,1,0,1,0,1,0,0,1,0,0,1,0,767.9683893144988
0,2,4,0,0,0,2,3,2,4,2,1,0,0,0,0,0,0,1,0,1,1,0,0,0,760.4558224561526
2,0,1,0,0,1,1,0,0,0,2,0,0,0,0,0,0,1,0,0,1,1,0,0,1,636.9704382610246
3,0,2,0,0,4,2,3,2,1,2,0,0,1,0,1,0,1,0,0,1,0,0,0,0,769.0972379287326
0,0,2,0,0,2,1,2,1,0,2,0,0,0,0,0,0,0,1,0,1,0,0,1,0,710.2552373561628
1,1,3,0,0,2,2,2,2,0,0,1,0,1,0,0,0,1,0,0,1,0,0,1,0,691.7331097631754
3,0,2,0,0,4,2,3,2,1,0,0,1,0,0,0,0,1,0,0,1,0,1,0,1,421.5886380346259
1,3,4,1,0,2,1,2,2,0,2,0,0,1,0,0,0,1,0,0,1,0,0,0,1,322.68544647846943
3,0,4,0,4,4,1,3,1,1,2,1,0,0,0,0,0,1,0,1,0,0,1,0,0,787.0583793317674
0,2,2,0,0,1,1,3,2,1,2,0,0,1,0,1,0,1,0,0,1,0,0,1,1,350.1995250582364
1,0,2,0,0,2,2,1,0,1,2,0,0,0,0,0,0,0,0,0,1,0,0,1,0,781.5460555647869
2,0,2,0,4,4,1,3,0,3,2,0,0,1,0,0,0,1,0,0,1,0,0,0,0,809.9424259776292
1,0,3,0,3,2,3,2,1,3,1,1,0,0,0,0,0,1,0,0,1,0,0,1,1,399.14042277826434
3,2,4,2,4,2,2,1,2,0,2,0,0,1,0,0,1,1,0,0,1,0,0,0,0,728.8477165027931
3,0,2,0,0,2,1,0,0,0,2,0,0,0,0,0,0,1,0,0,1,0,0,1,0,764.7583447231643
3,0,0,0,0,4,2,3,1,1,2,1,0,0,0,0,0,1,0,0,1,0,0,1,0,738.1156691580175
3,1,2,0,0,4,2,3,2,1,2,0,0,1,0,0,1,1,0,0,1,0,0,0,0,816.6278907859071
0,1,2,1,0,3,2,2,1,1,2,0,0,1,0,1,0,0,1,0,1,0,0,1,1,405.5625354882219
3,1,2,0,0,1,1,0,3,0,2,0,0,1,0,0,1,1,0,0,1,0,0,0,0,788.5851038177577
0,0,4,1,0,2,2,1,0,1,2,1,1,0,0,1,0,1,0,1,0,0,0,1,0,758.1188338750427
0,0,2,0,0,4,2,3,3,1,2,0,0,1,0,0,1,1,0,0,0,0,0,1,1,424.9541354360226
0,0,2,0,0,1,1,0,0,0,2,0,0,0,0,0,0,1,0,0,1,0,0,1,0,645.4235971468559
3,1,2,1,0,1,2,1,2,1,2,0,0,1,0,0,0,1,0,0,1,0,0,1,0,652.654521395953
0,2,2,0,0,2,2,1,1,1,2,0,1,0,0,0,0,0,0,0,1,0,0,1,0,714.5458733742378
0,0,2,0,0,1,2,2,0,1,2,0,0,0,0,1,0,1,0,0,1,0,0,1,0,637.1191612655969
1,0,2,0,0,1,1,0,0,1,2,0,0,0,0,0,0,1,0,1,0,0,0,0,0,612.2688978183393
1,0,2,0,4,4,2,3,1,1,2,1,0,0,0,0,0,1,0,0,1,0,0,1,0,722.9547101057979
3,1,2,0,0,3,2,0,2,1,1,1,0,1,0,0,0,1,0,0,1,0,0,1,0,734.2969002526243
0,1,2,0,0,2,2,3,3,3,0,0,1,1,0,0,1,0,0,0,1,0,0,1,0,779.9772144969224
0,1,3,0,0,1,1,1,2,0,2,0,0,1,0,0,0,1,0,1,0,0,1,0,1,368.41705466493136
3,3,3,1,4,4,2,2,2,1,0,1,1,0,0,0,0,1,0,0,1,0,0,1,0,740.4431562642549
3,2,3,0,0,2,1,1,2,0,2,1,0,1,0,0,0,1,0,0,1,0,0,1,0,596.9781971226787
3,1,3,1,0,3,2,2,2,1,2,1,0,1,0,0,1,1,0,0,1,0,1,0,0,836.5270448745403
1,1,2,0,1,1,3,1,2,0,2,0,0,1,0,0,0,1,0,1,0,0,0,1,1,360.46073474439976
0,0,2,0,0,1,1,3,1,0,2,0,0,0,0,0,0,1,0,0,1,0,0,1,1,386.5729673774652
0,0,2,0,0,2,2,2,2,0,2,0,0,0,0,1,0,1,0,0,1,0,1,0,1,407.275463436774
3,0,2,0,4,0,2,3,1,1,2,0,1,1,0,0,0,1,0,0,1,0,0,0,0,741.6512582365101
1,1,4,0,0,2,3,1,2,1,2,0,0,0,0,0,0,1,0,0,1,0,0,1,1,403.1261027636099
0,1,0,0,0,1,1,3,1,0,2,0,0,0,0,0,0,1,0,1,0,0,0,1,1,330.2838024710419
3,2,2,0,2,2,2,3,2,0,2,0,0,0,0,0,1,1,0,0,1,0,0,1,0,790.2798785423015
2,1,2,1,0,3,2,1,2,0,0,0,0,0,0,0,0,1,0,0,1,0,0,1,0,683.6697304285594
1,0,2,0,1,3,2,3,0,1,2,0,0,0,0,0,0,1,0,0,1,0,1,0,0,797.7448192144275
0,0,4,0,0,4,2,3,2,2,2,1,1,1,0,0,0,1,0,0,1,0,0,1,0,722.5502580641942
1,0,4,0,0,2,1,0,0,0,2,0,0,0,0,0,0,1,0,0,1,0,1,0,0,766.4383761652361
1,1,2,0,0,1,2,0,1,0,2,0,0,0,0,1,0,1,0,0,1,0,0,1,0,689.8471409035978
0,1,2,0,3,4,1,3,1,3,2,1,0,1,0,0,0,1,0,1,0,0,0,1,0,693.3135833633572
3,0,3,0,3,3,1,1,1,0,2,1,0,0,0,0,0,1,0,0,1,0,0,1,0,760.8632143423441
3,0,4,0,2,2,2,3,0,2,2,0,0,1,0,1,0,1,0,0,1,0,0,1,0,816.9675402838536
1,0,3,0,0,0,2,3,1,2,2,0,0,1,0,1,0,1,0,0,1,0,0,0,1,417.6868514728386
3,0,2,0,0,2,2,3,2,2,2,0,0,1,0,0,0,1,0,0,1,0,0,1,0,793.7461034980208
3,1,2,0,0,4,1,3,3,3,2,0,0,1,0,1,0,0,1,0,0,0,0,1,0,797.5881305028832
3,0,2,0,1,2,2,1,0,1,2,0,0,0,1,1,0,1,0,1,0,0,1,0,0,796.6582237081939
3,0,2,0,0,2,2,2,1,0,2,0,0,0,0,1,0,0,0,1,0,0,0,1,0,724.9937856304095
3,0,4,0,0,4,2,1,3,0,2,1,0,0,0,0,0,1,0,0,1,0,0,1,0,772.4508697322331
1,1,0,2,0,4,1,3,3,2,2,1,0,1,0,0,0,1,0,0,0,0,0,0,1,311.2176495530809
3,0,4,0,1,2,1,0,1,0,2,1,0,0,0,0,0,1,0,0,1,0,0,1,0,801.4953225066042
1,0,2,0,4,4,2,3,1,1,2,0,0,0,0,0,0,1,0,0,1,0,0,1,0,731.1493161365486
0,0,4,0,0,2,2,1,0,1,2,1,1,0,1,1,0,1,0,1,0,0,1,0,0,754.5536091836925
0,1,2,0,4,2,3,3,2,0,2,0,0,0,0,0,0,1,0,0,1,0,0,1,1,432.55610867752614
1,2,2,2,1,1,2,0,3,0,2,0,0,1,0,0,0,0,1,1,0,0,0,0,1,350.87395573786404
3,1,4,0,0,3,2,2,1,1,2,1,0,0,0,0,0,1,0,0,1,0,0,1,0,820.7122169178598
1,1,2,0,0,4,3,1,0,1,2,0,0,0,0,0,0,0,0,0,1,0,1,0,0,787.7327126763618
2,0,4,0,1,4,0,3,2,0,2,1,1,1,0,1,0,1,0,0,1,0,0,1,0,753.5751288458439
0,1,2,0,0,1,1,0,1,0,2,0,0,0,0,1,0,1,0,0,1,0,0,1,1,400.80074136394126
0,2,2,1,0,4,2,3,3,2,2,0,1,0,0,0,1,1,0,0,0,0,0,1,0,615.4821943694329
2,0,2,0,1,4,0,3,0,2,2,0,0,0,0,0,0,1,0,0,1,0,0,1,0,769.2075581764325
1,1,4,0,1,1,2,3,3,1,0,1,1,0,0,0,0,1,0,0,1,0,0,1,1,382.33250632997226
0,1,2,0,0,1,1,3,1,0,2,0,0,0,0,1,0,1,0,1,0,0,0,1,1,385.5073767139507
3,0,2,0,4,2,2,3,1,0,2,0,0,0,0,1,0,0,0,0,1,0,1,0,1,414.8443929390663
2,0,4,0,2,2,2,1,2,1,2,0,0,1,0,0,1,1,0,0,1,0,0,1,0,801.8232677684161
1,0,1,1,1,0,2,1,1,1,2,0,1,1,0,1,0,1,0,0,1,0,0,0,1,336.9251869714999
3,1,2,0,0,2,3,1,1,0,2,0,0,0,0,0,0,1,0,0,1,0,0,1,0,710.0340869129889
3,2,2,2,1,4,2,1,2,2,2,0,0,1,0,0,1,1,0,0,1,0,0,0,0,751.6404558288318
0,0,2,0,0,3,2,1,0,0,2,0,0,0,0,1,0,1,0,0,1,0,0,1,1,374.8403383606337
3,2,2,1,0,2,2,1,3,1,2,0,0,1,0,0,1,1,0,0,0,0,0,0,0,767.1998527016763
2,0,2,0,0,3,2,3,1,0,2,0,0,1,0,0,0,1,0,1,0,0,0,1,0,796.596841755982
1,0,3,0,0,2,3,3,0,0,2,1,0,0,0,0,0,0,1,1,0,0,0,1,0,548.4209029275049
3,1,2,0,4,1,2,0,1,3,2,0,0,0,0,1,0,1,0,0,1,0,0,1,0,790.3713389150407
0,0,4,0,0,3,1,2,1,1,2,1,0,0,1,1,0,1,0,0,1,0,0,1,0,657.7343441143665
0,0,4,0,0,1,2,3,0,1,2,0,1,0,1,1,0,1,0,0,1,0,1,0,0,762.0143887187885
3,2,4,1,0,1,1,3,1,0,2,1,0,1,0,0,0,1,0,1,0,0,0,1,1,406.4246346522981
0,0,2,0,1,4,2,1,1,2,2,0,0,1,0,1,0,1,0,0,1,0,0,1,0,671.0129378459067
3,0,4,0,4,4,2,3,3,1,2,1,0,0,0,0,0,1,0,0,0,0,0,1,0,680.3376821072696
3,1,4,1,0,4,2,3,3,2,2,1,0,0,0,0,0,1,0,0,0,0,0,1,0,788.2980560782498
0,1,2,0,0,2,1,1,0,0,2,0,0,0,0,0,0,1,0,0,1,0,0,1,1,373.20728042697124
0,3,0,1,0,2,2,3,3,3,2,1,1,0,0,0,0,1,0,0,0,0,0,1,1,307.7791507275658
3,1,2,0,1,3,1,3,2,0,2,0,0,0,0,0,1,1,0,0,1,0,0,1,0,795.0820068189316
1,1,2,0,0,2,1,3,0,0,2,0,1,0,0,0,0,0,0,0,1,0,1,0,0,675.5688641474526
1,1,2,2,0,1,2,2,2,0,2,1,0,0,0,0,1,1,0,0,1,0,0,1,0,682.702648795748
3,0,4,0,1,2,1,2,2,1,2,0,0,0,0,0,0,1,0,0,1,0,0,1,0,787.8760420674976
3,0,4,0,0,3,2,0,0,2,2,1,1,0,0,0,0,1,0,0,1,0,1,0,0,822.7585616502253
0,2,2,0,0,2,0,3,2,1,2,0,0,0,0,0,0,1,0,1,0,0,0,1,1,339.31075172743476
0,0,2,0,0,1,2,3,0,1,2,0,1,1,0,1,0,1,0,0,1,0,1,0,0,624.467688213683
1,2,2,0,0,3,2,0,2,1,2,1,1,0,0,0,0,1,0,0,1,0,0,1,0,699.3758394754932
1,0,2,0,1,2,1,3,2,0,2,1,0,1,0,1,0,1,0,1,0,0,0,1,1,395.6220659614007
3,0,3,0,0,2,3,3,0,1,2,0,0,0,0,0,1,1,0,1,0,0,0,1,0,815.2354451828331
3,1,2,0,1,3,3,2,1,0,2,0,0,1,0,0,0,1,0,0,1,0,0,1,0,771.2084136919653
3,1,2,0,4,1,2,1,2,0,2,1,0,0,0,0,0,1,0,0,1,0,0,1,0,710.5791987810035
2,1,4,0,0,1,0,0,2,1,2,0,0,0,0,0,0,1,0,1,0,0,0,1,1,380.8120160382915
0,0,2,0,4,0,1,2,1,4,2,0,0,1,0,1,0,1,0,0,1,0,0,0,0,696.1763878052993
1,1,4,0,0,4,1,3,1,1,2,0,0,1,0,0,0,1,0,0,1,0,0,1,0,665.0887325079846
0,3,2,2,0,4,2,3,3,2,0,0,0,0,0,1,0,1,0,0,0,0,0,0,1,326.1090421031716
2,1,2,0,0,1,1,0,1,2,1,0,0,0,0,0,0,1,0,0,1,0,1,0,0,742.6546967149123
1,0,2,0,0,1,3,0,0,0,2,0,0,0,0,0,0,1,0,1,0,0,0,1,1,432.790707240277
3,1,3,0,0,4,2,3,3,3,2,1,0,1,0,1,0,1,0,0,0,0,0,1,0,771.6213898249553
0,1,2,1,4,4,2,3,1,1,2,0,0,0,0,0,0,1,0,0,1,0,0,1,1,687.0401928323757
2,1,2,0,0,2,2,0,0,1,2,0,1,0,0,0,0,1,0,0,1,0,1,0,1,750.8382564552845
3,0,4,0,0,4,2,3,0,3,2,1,0,0,0,1,0,1,0,0,1,0,1,0,0,797.6324561640301
0,1,3,0,0,0,2,1,0,2,2,1,1,0,0,1,0,1,0,0,0,0,0,1,1,381.98158737790857
3,1,4,0,0,2,1,3,2,1,2,0,0,1,0,1,0,1,0,0,1,0,0,1,0,821.5872230522065
3,1,2,0,0,3,2,0,2,1,0,0,1,0,0,0,0,1,0,0,1,0,0,1,0,725.7114189723873
0,0,1,0,0,2,1,3,0,0,0,0,0,0,0,0,0,1,0,0,1,0,1,0,1,473.3087724515075
3,3,4,2,4,3,2,0,3,1,2,1,0,1,0,0,1,1,0,0,0,0,0,1,0,767.2390773422248
3,0,4,0,4,3,1,3,0,0,2,1,0,0,0,0,0,1,0,0,1,0,0,1,0,779.5094066746433
3,0,1,0,2,4,2,3,1,2,0,0,1,0,0,0,0,1,0,0,1,0,1,0,0,766.3634883075899
0,3,2,1,0,3,3,0,0,1,2,1,0,1,0,0,0,0,0,0,1,0,0,1,1,395.28321940639745
1,0,4,0,1,1,2,0,2,0,2,0,0,0,0,1,0,1,0,0,1,0,0,1,0,717.2756643984053
1,0,2,0,0,3,1,3,1,4,2,1,0,1,0,0,0,1,0,0,1,0,0,0,0,666.6096648012945
1,0,2,0,0,1,2,0,2,0,1,0,0,0,0,0,0,1,0,0,1,0,0,1,1,478.21509259988943
1,1,0,0,1,1,1,2,2,0,2,1,0,0,0,1,0,1,0,0,1,0,0,1,1,333.5089345708293
3,1,0,1,4,2,1,3,1,0,0,1,0,1,0,1,0,1,0,0,1,0,0,1,1,353.50646822683757
0,1,1,0,0,3,2,3,2,0,0,0,0,0,0,0,0,1,0,0,1,0,0,1,1,365.9587446920424
1,1,4,0,0,1,2,1,0,1,2,1,0,0,0,0,0,1,0,0,1,0,1,0,1,494.4610446279324
0,1,2,0,4,4,2,3,3,2,0,0,1,1,0,0,1,1,0,0,0,0,0,1,0,703.5146236059168
0,1,1,0,0,3,2,3,2,0,0,0,0,0,0,0,0,0,0,1,0,0,1,0,1,365.06919331776885
2,0,3,0,0,1,1,0,1,0,0,0,0,0,0,0,0,1,0,0,1,0,0,1,0,758.9580184179356
1,2,2,3,4,2,2,3,3,1,2,0,0,1,0,1,0,1,0,0,0,0,0,1,1,370.8186513604151
1,1,3,1,4,2,2,1,1,1,0,1,0,1,0,0,0,1,0,0,1,0,0,0,0,768.7782850612161
1,1,3,0,1,3,1,1,1,0,2,1,0,1,0,0,0,1,0,1,0,0,0,1,0,734.5639830545196
0,0,2,0,0,3,0,2,2,1,2,0,0,0,0,1,0,1,0,0,1,0,0,1,1,402.39937623761057
3,1,4,0,3,4,2,1,2,1,2,0,0,0,0,0,0,1,0,0,1,0,0,1,0,817.8371811291241
1,3,2,1,4,3,2,0,2,1,2,1,1,1,0,0,0,1,0,0,1,0,0,1,0,749.4189407445215
0,3,2,1,0,2,1,1,2,1,2,0,0,1,0,0,0,1,0,0,1,0,0,1,1,319.990057007936
0,1,2,0,0,1,1,3,0,0,2,0,0,1,0,0,0,1,0,1,0,0,1,0,1,492.6215873268842
3,1,4,1,0,3,2,1,2,1,2,0,0,0,0,0,0,0,1,0,1,0,0,1,0,767.8794859665034
3,1,2,1,4,0,1,3,1,0,2,0,0,1,0,0,1,1,0,1,0,0,0,0,0,755.7678212047456
0,0,2,0,0,2,1,3,1,0,2,0,0,0,0,0,0,1,0,0,1,0,1,0,0,684.3056696478448
1,0,2,0,0,4,2,3,2,0,2,1,0,0,0,0,0,1,0,0,1,0,1,0,0,735.9639053998751
3,0,4,0,0,3,1,2,2,0,0,1,0,0,0,0,0,0,1,0,1,0,0,1,0,743.5658801314846
1,0,2,0,0,3,1,0,0,0,2,0,0,0,0,0,0,1,0,0,1,0,0,1,0,689.5925388726558
3,1,4,0,4,2,1,1,2,1,2,1,0,1,0,0,0,1,0,0,1,0,0,1,0,809.5796104105845
1,2,4,0,0,1,0,3,2,0,2,1,0,0,0,1,0,1,0,0,1,0,0,1,1,431.0155432320535
3,1,2,0,0,1,3,2,2,0,2,1,0,0,0,0,0,1,0,0,1,0,1,0,0,778.7357382997482
1,1,4,0,0,4,2,2,0,0,0,1,0,0,0,1,0,0,0,0,1,0,0,1,1,349.41112864310867
1,0,4,0,0,1,2,2,0,2,0,1,1,0,0,1,0,1,0,0,1,0,1,0,0,730.0801050212062
3,0,2,0,0,2,1,1,0,0,2,0,0,0,0,0,0,1,0,1,0,0,0,1,0,714.6580595063188
1,2,2,0,0,1,2,0,3,1,2,0,0,0,0,0,0,1,0,1,0,0,1,0,1,407.7710905717
3,0,2,0,4,4,1,3,3,2,2,0,0,1,0,1,0,1,0,0,0,0,0,0,0,777.4684396936443
0,1,2,0,0,2,1,3,0,0,0,0,0,0,0,0,0,1,0,1,0,0,0,1,1,321.59499020088447
0,0,4,0,0,2,2,1,0,1,2,1,1,0,0,1,0,1,0,1,0,0,0,1,0,713.7800700591856
0,0,2,0,0,2,2,0,1,0,2,0,0,0,0,0,0,0,0,0,1,0,1,0,0,810.7535371131947
0,1,2,0,0,2,3,2,0,2,2,0,0,1,0,0,0,1,0,0,1,0,1,0,1,415.472083562851
0,0,4,0,0,4,2,2,1,3,2,1,0,0,0,0,0,1,0,0,1,0,0,1,1,604.5579037818868
0,0,4,0,0,3,1,2,0,3,2,3,0,1,0,0,0,1,0,0,1,0,1,0,0,679.8526289332802
1,1,3,0,4,2,1,3,2,2,2,1,0,1,0,1,0,1,0,1,0,0,0,1,0,730.4239505781599
3,1,2,0,3,4,1,3,0,1,0,0,0,0,0,0,0,1,0,0,1,0,1,0,0,749.7981637111237
1,1,2,0,0,2,1,3,1,0,2,0,0,1,0,1,0,1,0,1,0,0,1,0,1,380.2461404493663
0,1,1,0,4,4,2,2,2,1,1,0,0,1,0,0,0,1,0,0,1,0,0,0,1,397.5850353375572
1,0,1,0,1,1,1,0,1,1,1,0,0,0,0,1,0,1,0,0,1,0,1,0,1,384.3458641189769
0,1,2,0,0,3,1,3,2,0,2,1,0,0,0,1,0,1,0,1,0,0,0,1,1,387.3576258740404
1,1,0,1,0,2,2,3,0,1,2,2,0,1,0,0,0,1,0,0,1,0,1,0,1,388.24155471556196
3,1,4,0,0,3,2,1,1,1,0,1,0,0,0,1,0,1,0,0,1,0,0,1,1,386.43543769110914
3,1,3,1,0,2,2,1,3,1,2,0,0,0,0,0,0,1,0,0,0,0,0,1,0,694.400086405064
1,0,2,0,0,1,1,0,0,2,2,0,0,0,0,0,0,0,0,0,1,0,0,1,0,797.2700401765527
1,0,2,0,0,2,1,0,1,0,2,0,0,0,0,0,0,1,0,0,1,0,0,1,1,758.0444991595123
1,1,1,0,0,3,1,3,3,1,0,0,0,0,0,0,0,1,0,0,0,0,1,0,1,364.12649664967944
3,2,2,0,0,2,1,1,2,0,2,0,0,1,0,0,0,1,0,0,1,0,0,0,1,430.8614571403848
2,0,2,0,0,1,1,1,1,0,2,0,0,0,0,0,0,1,0,0,1,0,0,1,0,469.0747882671411
0,1,1,0,2,2,2,3,0,0,1,0,0,1,0,0,0,1,0,0,1,0,0,1,0,714.3428020478019
3,1,4,1,0,2,2,1,0,4,2,0,0,1,0,0,0,1,0,0,1,0,0,0,0,765.779407123305
1,2,2,0,1,2,1,3,3,2,2,0,0,0,0,0,0,0,1,0,0,0,0,1,1,351.7558244815509
3,1,2,0,0,1,2,0,0,1,2,0,0,0,0,0,0,1,0,0,1,0,0,1,0,753.2483490594129
3,0,2,0,4,4,2,3,3,2,0,0,1,0,0,0,1,1,0,0,0,0,0,1,0,784.9165095182664
0,0,2,0,1,0,1,2,1,0,2,0,0,0,0,0,0,1,0,0,1,0,0,1,1,368.45986337359625
2,0,2,0,1,4,1,3,3,2,2,0,1,0,0,1,0,1,0,0,0,0,1,0,1,403.9312750552789
0,1,2,0,3,1,1,1,2,0,0,0,0,0,0,0,0,1,0,0,1,0,0,1,0,688.8259352058096
0,1,1,0,0,2,1,3,2,0,0,0,0,0,1,0,1,0,0,1,0,0,0,1,0,488.48368816111895
3,1,3,0,0,3,1,0,0,0,2,0,0,0,0,0,0,1,0,0,1,0,0,1,1,428.59372909007425
1,3,0,3,4,2,2,1,2,2,0,0,0,1,0,0,0,1,0,0,1,0,0,0,0,721.0360927921586
1,4,3,2,4,2,2,1,3,0,2,0,0,0,0,0,0,1,0,0,0,0,0,0,0,750.0276600709997
0,0,4,0,0,2,2,2,0,1,2,2,1,0,0,1,0,1,0,1,0,0,0,1,0,767.5066206052775
1,1,2,0,1,2,1,3,2,0,2,0,0,0,0,0,0,0,1,1,0,0,0,1,1,358.31943776522604
3,0,2,0,0,2,0,1,0,2,2,0,0,0,0,1,0,1,0,0,1,0,1,0,0,754.9108985188058
1,1,4,0,0,3,2,2,1,0,2,1,0,0,0,0,0,1,0,0,1,0,0,1,0,707.1982109474527
3,1,4,0,0,2,2,1,1,1,0,1,0,0,0,1,0,1,0,0,1,0,0,1,1,464.39409105369464
3,3,2,1,4,2,0,1,0,1,0,0,0,0,0,0,0,1,0,0,1,0,0,1,1,378.4712090016818
0,0,2,0,0,1,1,0,2,0,2,0,0,0,0,0,0,1,0,1,0,0,0,1,0,623.0488270356122
0,1,2,0,0,2,2,3,3,4,2,1,0,0,0,0,0,1,0,0,0,0,0,1,1,377.89124280666465
3,0,2,0,4,4,2,1,2,1,2,0,0,0,0,0,0,1,0,0,1,0,0,1,0,781.581952754487
2,0,2,0,0,2,2,1,0,1,2,0,0,1,0,0,0,1,0,0,1,0,0,1,0,797.1246003649566
1,0,1,0,1,3,2,2,3,0,2,0,0,0,0,1,0,1,0,0,1,0,0,1,1,353.1970686445361
3,2,4,1,2,2,2,3,0,1,2,1,0,1,0,0,0,1,0,0,1,0,0,1,0,760.9429625041333
3,0,2,0,4,4,2,3,0,4,2,0,0,0,0,0,0,1,0,0,1,0,1,0,0,822.6763287231762
0,1,2,0,0,2,1,3,2,0,2,0,0,0,0,0,0,1,0,0,1,0,0,1,0,631.674520666192
0,1,1,0,0,2,2,2,2,2,0,0,0,0,0,0,0,1,0,0,1,0,0,1,1,375.38882678228276
1,0,2,0,4,1,2,0,1,0,2,0,0,0,0,0,0,1,0,0,1,0,0,1,0,679.2419624610357
3,0,2,0,0,1,1,1,2,0,2,1,0,0,0,0,0,0,1,1,0,0,0,1,1,399.91825695480196
1,1,2,0,0,1,1,3,2,0,2,0,0,1,0,1,0,1,0,0,1,0,1,0,1,355.6550032333954
3,0,2,0,0,4,2,3,1,2,0,2,1,1,0,0,0,1,0,0,1,0,0,1,0,792.3926782913124
3,1,2,0,2,3,1,0,2,0,2,0,0,0,0,0,0,1,0,0,1,0,0,1,0,787.5970703861847
3,4,3,4,0,3,2,3,2,0,2,1,0,1,0,0,0,1,0,0,1,0,0,1,0,670.9457833330614
3,0,2,0,0,1,1,2,2,1,2,0,1,0,0,0,0,1,0,0,1,0,0,1,0,716.2527719357906
0,2,3,1,0,3,2,1,1,0,0,1,1,1,0,0,0,1,0,0,1,0,0,1,1,347.0590329963071
0,1,2,0,0,0,1,0,0,0,2,0,0,0,0,0,0,1,0,0,1,1,0,0,1,367.75046145642665
1,0,2,0,0,4,2,3,2,1,2,1,0,0,0,0,0,1,0,0,1,0,1,0,0,652.3850195071703
3,0,2,1,1,2,2,1,1,1,2,0,0,1,0,0,0,1,0,0,1,0,0,0,1,434.20303665630195
3,1,4,0,0,3,3,1,2,1,2,1,0,1,0,0,0,0,0,0,1,0,0,1,0,791.679783090895
0,1,4,0,0,3,3,0,1,1,2,1,0,1,0,0,0,1,0,0,1,0,0,0,0,690.8228636997115
3,2,3,2,4,1,2,3,2,0,2,1,0,1,0,0,0,1,0,1,0,0,0,1,1,368.04331940708016
0,1,0,1,0,2,0,1,0,1,2,1,0,0,0,0,0,0,0,0,1,0,0,1,0,716.0322186437465
3,0,2,0,2,2,1,1,1,0,2,0,0,0,0,1,0,1,0,0,1,0,0,1,1,418.7668699788138
2,1,2,0,0,3,2,2,3,1,0,0,1,0,0,1,0,1,0,0,0,0,0,1,1,343.679339420974
0,0,2,0,0,2,2,3,2,1,2,0,1,0,0,0,0,1,0,1,0,0,1,0,1,516.7789256630579
0,3,2,2,0,3,2,0,3,2,2,0,0,1,0,0,0,1,0,0,0,0,0,0,0,345.3842773126053
1,0,2,0,0,2,2,1,1,1,2,0,0,0,0,0,0,1,0,0,1,0,1,0,1,478.8681747699766
0,1,2,0,0,4,2,0,0,2,2,0,0,0,0,1,0,0,1,0,1,0,0,1,1,507.7753729563103
1,2,3,2,1,4,2,3,2,2,2,3,0,1,0,1,0,1,0,0,1,0,0,0,1,391.11750599502295
3,1,4,0,0,3,2,2,2,1,2,1,0,1,0,0,1,1,0,0,1,0,0,1,0,838.9607513527037
0,0,2,1,0,0,2,3,3,0,2,0,0,0,0,1,0,1,0,0,0,0,0,1,0,688.0606983243894
1,0,2,0,0,4,2,3,2,1,0,0,1,0,0,1,0,1,0,0,1,0,1,0,1,368.67702599273366
3,3,2,2,4,3,2,2,2,1,1,0,0,1,0,0,0,1,0,0,1,0,0,1,0,777.8303597936078
1,1,0,1,0,2,1,0,2,0,2,1,0,0,0,0,0,1,0,0,1,0,0,1,0,736.1357646674671
1,1,4,1,0,4,2,0,3,1,2,0,0,1,0,0,0,1,0,0,1,0,0,1,0,709.6512131659329
2,0,2,0,0,2,3,3,0,0,2,0,0,0,0,0,0,1,0,1,0,0,0,1,0,713.7536330032856
0,0,2,0,4,2,3,1,2,0,2,0,0,0,0,1,0,1,0,0,1,0,0,1,1,352.04266767778967
3,1,2,0,0,4,2,1,0,2,2,1,0,0,0,0,0,1,0,0,1,0,0,1,0,789.0879516956686
1,0,3,0,0,0,2,0,1,1,1,1,0,1,0,0,0,1,0,0,1,0,0,0,0,657.4800980800427
2,0,4,0,0,2,1,3,1,2,2,0,0,0,0,0,0,1,0,0,1,0,1,0,0,735.8833449589679
3,1,4,1,0,0,2,1,3,0,0,1,0,1,0,0,0,0,1,0,1,0,0,0,0,660.9301539143173
1,1,1,0,3,2,2,1,2,1,1,0,1,1,0,0,0,1,0,0,1,0,0,1,0,760.6313023524378
3,3,1,0,0,2,1,0,0,0,1,0,0,0,0,0,0,1,0,0,1,0,0,1,0,680.1241659143707
0,0,4,1,0,4,2,3,1,2,2,1,0,1,0,1,0,0,1,1,0,0,0,1,1,608.4681710902678
2,1,4,0,0,4,2,3,1,2,2,0,0,0,0,0,0,1,0,0,1,0,0,1,0,800.4521303644497
3,1,4,1,1,2,2,2,1,0,2,1,0,1,0,0,0,1,0,0,1,0,1,0,0,752.4616897688741
3,2,2,1,1,3,2,1,2,1,2,1,0,1,0,0,0,1,0,0,1,0,0,1,0,679.0258404204505
3,4,2,2,0,4,2,3,1,2,2,0,0,1,0,1,0,1,0,0,1,0,0,0,0,772.0425978503589
3,0,4,0,2,2,3,1,2,0,2,0,0,0,0,1,0,1,0,0,1,0,0,1,0,727.4511371904606
3,1,3,0,2,1,2,1,0,1,0,0,1,0,0,0,0,1,0,0,1,0,1,0,1,359.5894946334339
3,1,4,1,0,3,1,3,2,0,2,0,0,1,0,0,0,1,0,1,0,0,0,0,0,775.635983002669
3,1,4,1,0,4,2,3,2,1,2,0,0,1,0,0,0,1,0,0,1,0,0,1,0,827.048923211891
1,4,2,1,1,2,3,1,2,0,2,0,0,0,0,0,0,1,0,0,1,0,0,1,1,392.6126753350526
0,1,2,0,0,4,2,3,0,4,0,0,0,0,0,0,0,1,0,1,0,0,1,0,0,576.6495329564002
3,1,2,0,0,1,1,0,0,0,2,0,0,0,0,0,0,1,0,0,1,0,0,1,0,579.1906996987782
3,0,2,0,0,1,1,1,3,3,2,0,0,0,0,0,0,1,0,0,1,0,0,1,0,772.3728473436045
3,0,2,0,4,2,2,3,3,1,2,0,0,1,0,0,0,1,0,0,0,0,0,1,0,736.4497856633793
3,0,3,0,0,2,3,2,0,1,0,1,0,0,0,0,0,1,0,0,1,0,0,1,0,784.8702473564749
3,1,4,1,0,1,3,2,3,2,2,2,0,1,0,0,0,1,0,0,0,0,0,1,0,752.8652157477584
1,2,3,2,1,3,2,2,1,1,2,1,1,1,0,0,0,1,0,0,1,0,1,0,0,752.8810765171002
3,4,2,1,4,2,2,3,3,1,2,0,1,1,0,1,0,1,0,0,0,0,0,1,0,724.8280221541963
2,0,4,0,4,3,2,1,1,0,2,1,0,1,0,0,0,1,0,0,1,0,0,1,0,750.537501807062
1,2,3,0,1,4,2,2,3,0,2,0,0,0,0,1,0,1,0,0,0,0,0,1,0,525.7345446767288
3,0,2,0,1,4,2,3,2,1,2,0,0,1,0,0,0,0,1,0,1,0,0,1,0,780.9269442435657
0,0,2,0,3,2,2,2,1,1,2,0,1,0,0,1,0,1,0,0,1,0,0,1,0,442.69189228177186
0,0,4,0,0,2,0,2,1,0,2,1,0,0,0,0,0,1,0,0,1,0,0,1,0,746.4873240596646
1,0,2,0,1,2,1,1,0,0,2,0,0,0,0,0,0,1,0,0,1,0,1,0,0,711.0877372912671
1,1,2,0,1,1,2,0,2,0,2,0,0,0,0,0,0,1,0,0,1,0,0,1,0,681.530280257647
0,0,4,1,4,1,2,2,0,2,2,1,1,0,0,1,0,1,0,0,1,0,1,0,0,757.6920039813212
3,1,2,0,0,3,2,1,2,0,2,0,0,1,0,0,0,1,0,0,1,0,0,1,0,690.3385203639581
3,0,2,0,2,2,2,3,1,2,2,0,0,0,0,0,1,1,0,1,0,0,0,1,0,812.1219115835477
1,0,2,0,0,3,2,2,0,0,2,1,0,0,1,0,0,0,0,0,1,0,0,1,0,779.5891022115566
3,0,4,0,0,0,1,1,1,1,2,0,0,0,0,1,0,1,0,0,1,1,0,0,0,587.5392412255933
3,1,4,0,0,2,2,1,2,0,2,1,0,0,0,0,0,1,0,0,1,0,0,1,0,767.9498147478118
2,0,2,0,0,4,2,3,2,1,2,0,0,1,0,0,0,1,0,1,0,0,0,0,0,760.3541541264995
3,0,2,0,2,2,1,3,2,0,2,0,0,0,0,0,0,1,0,1,0,0,1,0,1,421.48280154980387
0,3,4,1,0,4,2,3,3,2,2,1,0,1,0,0,1,1,0,0,0,0,0,1,1,399.0940505401929
2,1,2,0,1,4,1,1,3,2,2,0,0,1,0,0,0,1,0,0,0,0,0,1,0,749.3414712943143
1,1,3,0,1,4,2,1,1,1,1,1,0,0,0,0,0,1,0,0,1,0,0,1,0,668.4481614857843
1,1,2,0,0,1,1,0,1,1,2,0,1,1,0,0,0,1,0,0,1,0,0,1,0,655.8188680115129
3,0,2,1,2,4,1,3,3,1,2,0,0,0,0,1,0,1,0,0,0,0,0,1,0,745.332410275469
1,3,2,1,1,3,2,1,1,0,2,0,0,0,0,1,0,1,0,0,1,0,0,1,1,373.21321188577724
1,0,0,0,0,1,1,2,1,0,2,1,0,0,0,0,0,1,0,1,0,0,0,1,1,316.00271875873864
1,0,2,0,0,4,1,3,0,0,2,0,0,0,0,0,0,1,0,0,1,0,0,1,0,664.7901462699001
1,0,2,0,0,2,2,1,0,1,2,0,1,0,0,0,0,1,0,0,1,0,1,0,0,742.2617886271041
3,1,4,0,2,4,2,2,1,1,0,1,0,1,0,0,0,1,0,0,1,0,0,0,0,737.9487534131915
0,0,1,0,0,4,1,3,3,1,2,0,0,0,0,0,0,1,0,0,0,0,0,1,1,318.5354257935508
3,1,2,0,4,4,2,3,0,2,2,0,0,1,0,0,1,1,0,0,1,0,0,0,0,836.7409368983673
0,0,4,0,0,2,2,3,0,0,2,1,0,0,0,0,0,1,0,0,1,0,1,0,0,753.999533659239
1,4,2,3,0,3,2,1,3,0,2,0,0,1,0,1,0,1,0,0,1,0,0,0,1,341.0737789792985
3,1,4,2,4,4,2,3,2,3,2,1,0,0,0,0,1,1,0,0,1,0,0,1,0,754.8371046977725
3,1,4,0,4,4,2,1,2,1,2,1,1,1,0,0,0,1,0,0,1,0,0,1,0,809.9623034870921
3,1,2,0,0,2,2,1,3,1,2,0,0,1,0,0,0,1,0,0,0,0,0,0,0,733.3573942070154
2,1,4,0,4,2,2,1,2,1,2,1,0,1,0,0,0,1,0,0,1,0,0,1,0,768.321422215585
1,1,0,1,1,4,3,3,2,1,0,1,0,1,0,0,1,1,0,0,1,0,0,1,0,692.7667340996455
2,0,0,0,0,1,2,1,2,1,2,1,0,1,0,0,0,1,0,0,1,0,0,0,1,382.2851434685991
1,0,1,0,3,1,1,1,1,0,0,0,1,0,0,0,0,1,0,1,0,0,0,1,1,403.0109092976732
0,0,2,0,0,2,1,1,0,0,2,0,0,0,0,1,0,1,0,0,1,0,1,0,1,415.4547193093596
1,0,2,0,2,2,1,2,0,4,2,0,0,0,0,0,0,1,0,0,1,0,1,0,0,792.3570945473093
3,1,2,0,0,2,1,2,0,0,2,0,0,0,0,1,0,1,0,1,0,0,0,1,1,388.32835857015414
3,0,4,0,3,2,1,1,0,1,0,1,0,0,0,1,0,1,0,0,1,0,1,0,0,681.6667804373677
3,0,4,0,2,2,3,1,1,2,2,1,0,0,0,0,0,1,0,0,1,0,1,0,0,771.8212030527209
0,1,2,0,0,2,1,3,2,0,0,1,0,0,0,0,0,1,0,1,0,0,0,1,1,385.12732120824273
1,3,1,1,0,4,1,2,3,3,2,0,0,0,0,0,0,1,0,1,0,0,0,1,1,329.10291259004595
2,1,4,0,3,2,0,3,0,1,2,1,0,1,0,0,0,1,0,0,1,0,0,1,0,706.2619847756298
1,1,3,1,0,1,2,1,2,1,2,0,0,0,0,0,0,1,0,0,1,0,0,1,0,628.7303220788882
0,1,2,0,0,2,2,3,0,0,2,0,1,0,0,0,0,1,0,1,0,0,1,0,1,425.62778479298527
1,0,2,0,0,3,1,1,0,2,2,0,0,0,0,0,0,0,0,0,1,0,1,0,0,802.4233337042549
3,1,2,0,3,2,1,3,2,0,2,0,0,1,0,0,1,1,0,1,0,0,0,1,0,798.5347288752587
3,0,4,0,0,3,1,0,0,1,2,0,1,0,0,1,0,1,0,0,1,0,0,1,0,715.3093377385046
1,2,1,1,4,1,1,1,3,0,0,0,0,0,0,0,0,1,0,0,1,1,0,0,0,753.0205514907647
1,1,2,3,0,2,1,3,2,0,2,1,0,0,0,0,1,1,0,1,0,0,0,0,1,361.87338007527705
0,1,2,1,1,2,2,3,2,1,2,0,1,1,0,1,0,1,0,0,1,0,1,0,0,420.38685925510225
3,0,4,1,0,3,2,2,3,2,2,1,1,1,0,1,0,1,0,0,1,0,0,0,0,793.7269789700453
1,1,0,1,1,2,1,3,2,0,2,1,0,0,0,0,0,1,0,1,0,0,1,0,1,318.1840846211263
0,1,1,0,1,3,2,2,2,1,0,0,0,0,0,1,0,1,0,0,1,0,0,1,0,338.63730232132576
1,0,1,0,0,2,2,3,0,0,1,0,0,0,0,0,0,1,0,0,1,0,1,0,0,570.1565596179569
3,1,2,0,4,4,2,2,1,1,2,0,0,1,0,0,0,1,0,0,1,0,0,1,0,806.1227618978419
0,1,1,0,2,2,2,3,0,0,1,0,0,1,0,0,0,1,0,0,1,0,0,1,0,714.3428020478019
0,2,4,3,4,3,2,3,1,0,2,1,0,1,0,0,0,1,0,0,1,0,0,0,0,692.6634008254949
0,0,4,0,0,1,2,0,1,0,0,1,0,0,0,0,0,1,0,0,1,0,1,0,0,755.0280334776239
0,0,2,0,0,0,1,3,2,0,2,0,0,0,0,1,0,1,0,1,0,0,0,1,0,669.9317785298715
0,0,2,0,0,1,1,0,0,1,2,0,0,0,0,1,0,1,0,0,1,0,1,0,1,385.55369618923646
3,1,2,1,4,2,2,2,2,0,2,0,0,0,0,0,1,1,0,0,1,0,0,1,0,815.3765652589317
3,0,2,0,0,3,2,1,2,1,2,0,0,0,0,0,1,1,0,0,1,0,0,1,0,790.8086213018789
0,0,2,0,0,4,1,0,1,2,0,0,0,1,0,0,0,1,0,0,1,0,0,1,0,735.5945232601791
0,1,2,0,0,1,1,1,2,0,2,0,0,0,0,1,0,1,0,0,1,0,1,0,1,320.5482297450277
1,0,2,0,1,3,1,3,0,0,2,0,0,0,0,0,0,1,0,1,0,0,1,0,0,759.3174466848004
3,1,4,1,0,3,1,1,2,0,2,1,0,0,0,0,0,1,0,0,1,0,0,1,0,763.8544932924863
3,0,3,0,3,4,2,3,3,3,2,1,1,0,0,0,0,1,0,0,0,0,0,1,1,393.71052470933375
0,1,2,0,4,3,1,3,3,1,2,0,0,0,0,1,0,1,0,1,0,0,0,1,1,353.00478298522773
2,0,4,0,0,2,2,0,0,4,2,2,1,0,1,1,0,1,0,0,1,1,0,0,0,809.8472466421425
2,0,4,0,4,2,2,3,3,1,2,1,0,1,0,0,0,1,0,0,0,0,0,1,1,437.70234154597136
3,1,2,0,0,2,2,1,0,1,2,0,0,1,0,1,0,0,0,0,1,0,0,1,0,781.4649250171728
0,0,4,0,0,4,2,2,1,1,2,1,0,0,0,1,0,1,0,0,1,0,0,1,1,447.85168034822397
3,0,4,1,4,4,1,3,2,3,2,0,0,1,0,1,0,1,0,0,1,0,0,1,0,824.7773482490728
0,1,4,0,0,2,1,3,0,0,2,1,0,0,0,0,0,1,0,1,0,0,0,1,1,432.09511278569073
0,0,2,0,0,2,2,2,1,0,2,0,0,0,0,0,0,1,0,0,1,0,1,0,0,669.6418367086728
3,1,4,3,4,4,2,3,3,0,2,0,0,1,0,1,0,1,0,0,0,0,0,0,1,397.4323085576067
3,1,4,0,1,3,3,2,1,0,2,1,0,1,0,1,0,1,0,0,1,0,0,1,0,691.6160317781068
1,0,2,0,0,4,3,2,0,1,0,1,0,0,0,0,0,0,0,0,1,0,1,0,0,772.9625904449583
0,1,2,0,0,1,0,3,1,1,2,0,0,0,0,0,0,1,0,0,1,0,1,0,1,338.91594222686706
3,0,2,0,4,1,1,3,0,1,2,0,0,0,0,0,1,1,0,1,0,0,0,1,0,777.142840123272
1,0,4,0,0,4,2,3,2,0,2,2,0,1,0,0,0,1,0,1,0,0,0,1,0,760.7048752707522
3,0,4,0,0,4,2,3,0,3,2,1,0,1,0,0,0,1,0,0,1,0,1,0,0,816.1137561780674
0,1,2,0,4,4,1,3,0,0,2,0,0,0,0,0,1,1,0,1,0,0,0,1,0,721.4179406409537
0,2,4,2,0,2,1,1,3,0,2,1,0,1,0,0,0,1,0,0,1,0,0,0,1,327.50082431985237
3,1,4,0,0,4,2,3,2,1,2,0,0,1,0,0,1,1,0,0,1,0,0,0,0,830.6075814519911
3,1,4,0,1,4,2,3,1,2,0,1,0,0,0,0,0,1,0,0,1,0,0,1,0,783.9635048040782
2,0,4,0,2,0,2,3,3,4,0,2,0,0,0,1,0,1,0,0,0,1,0,0,0,714.7766206220263
0,1,2,0,4,2,1,3,0,0,2,0,0,0,0,1,0,1,0,1,0,0,0,1,1,351.2555129399036
3,2,4,0,0,3,2,3,2,1,2,1,0,1,0,1,0,1,0,0,1,0,0,1,0,818.421956768626
0,1,2,0,0,3,1,0,0,0,2,0,0,0,0,0,0,0,0,0,1,0,0,1,0,699.3155544418576
3,2,4,1,3,4,2,1,2,1,2,1,0,1,0,0,1,1,0,0,1,0,0,0,0,831.8736189533785
1,1,2,1,0,0,1,3,2,4,2,0,0,1,0,0,0,1,0,0,1,0,0,1,0,703.960892169476
1,2,4,1,0,3,2,1,0,0,2,1,0,0,0,0,0,0,0,0,1,0,0,1,1,391.70917471548194
3,1,4,0,3,4,2,3,0,3,2,0,0,1,0,1,0,1,0,0,1,0,0,1,0,821.2065981772968
1,0,0,0,0,2,2,1,0,1,2,0,0,1,0,0,0,1,0,0,1,0,1,0,0,657.9001022493333
1,0,2,0,1,1,1,1,1,0,0,0,0,0,0,1,0,1,0,0,1,0,1,0,1,321.91708004658307
1,1,2,1,4,0,0,3,0,3,2,0,0,1,0,0,1,1,0,0,1,0,0,0,0,773.9900319714051
1,1,2,0,3,2,2,1,1,1,2,0,0,1,0,0,0,1,0,0,1,0,1,0,0,719.9374376527264
3,1,2,0,2,4,2,3,2,1,2,0,0,0,0,0,0,1,0,0,1,0,0,1,0,777.2571216603021
3,3,4,0,4,4,2,2,2,1,2,1,1,1,0,0,1,1,0,0,1,0,0,1,0,828.2406867352607
1,3,3,1,0,4,2,3,3,2,2,0,0,0,0,0,0,1,0,0,0,0,0,1,1,368.2914691425209
0,2,4,1,0,2,2,2,3,0,0,0,0,1,0,0,0,1,0,0,1,0,0,1,1,377.0796571255653
1,1,2,0,0,4,1,3,1,1,2,0,1,0,0,0,0,1,0,0,1,0,0,1,1,445.32086399860395
3,1,2,1,4,4,2,3,2,1,2,0,1,1,0,0,1,1,0,0,1,0,0,0,0,823.8082877554608
3,0,4,0,4,2,3,1,1,0,2,1,0,0,0,0,0,1,0,0,1,0,0,1,0,784.2688279158127
2,1,2,0,0,4,0,3,3,2,2,0,0,0,0,0,0,1,0,0,0,0,0,1,0,747.7074753561499
3,1,2,0,2,4,2,2,3,1,2,0,0,1,0,0,0,1,0,1,0,0,0,1,0,796.968934534046
3,0,2,0,1,1,1,3,1,0,2,0,0,0,0,0,0,1,0,1,0,0,0,1,0,671.8591456888491
0,1,2,2,4,4,2,3,1,2,2,0,1,1,0,0,1,1,0,0,0,0,0,1,1,420.24539323287377
3,0,4,0,0,1,1,3,1,0,2,1,0,0,0,0,0,1,0,1,0,0,1,0,0,718.014175195086
3,1,3,0,4,4,3,3,2,3,2,1,0,1,0,1,0,1,0,0,1,0,0,1,0,735.8115822888951
1,0,2,0,4,1,2,1,0,1,2,0,0,0,0,1,0,1,0,0,1,1,0,0,0,781.7127850147804
3,1,4,0,0,4,2,3,3,3,2,1,1,0,0,0,0,1,0,0,0,0,0,1,0,747.3578680576477
1,1,4,0,0,4,1,3,0,2,0,1,0,1,0,0,0,0,0,1,0,0,1,0,0,735.7810081022928
0,1,4,1,0,4,1,3,1,0,2,1,0,0,0,0,0,1,0,0,1,0,0,1,0,754.7623058056399
3,0,4,0,4,4,2,3,2,1,2,1,0,0,0,0,0,1,0,0,1,0,0,1,0,783.3287138569212
1,0,2,2,4,0,1,1,0,0,2,0,0,0,0,1,0,1,0,1,0,1,0,0,0,681.0569309795533
0,2,2,2,0,3,2,0,2,0,2,0,0,1,0,1,0,1,0,0,1,0,0,1,1,332.6995715742456
1,0,2,0,0,1,3,2,0,0,2,0,0,0,1,0,0,1,0,0,1,0,1,0,0,804.5057988534113
3,0,4,0,4,4,2,3,0,4,2,3,0,0,0,0,0,1,0,0,1,0,0,1,0,788.0100632512351
1,2,1,2,0,0,2,1,3,3,0,0,0,1,0,0,1,1,0,0,0,0,0,0,0,698.9350406699962
1,0,0,0,0,1,1,0,0,0,2,1,0,0,0,1,0,1,0,1,0,1,0,0,1,340.68984048276155
1,0,2,0,0,1,3,1,0,0,2,0,0,1,0,0,0,1,0,0,1,0,0,1,0,524.5259137368042
1,0,2,0,0,3,3,2,0,0,0,0,0,0,0,0,0,0,0,0,1,0,1,0,0,715.4067116139277
0,2,4,2,0,3,2,3,2,0,2,1,0,1,0,0,1,1,0,0,1,0,0,1,1,351.79400479417274
0,3,2,0,0,2,2,3,2,3,2,0,0,0,0,0,0,1,0,0,1,0,0,1,1,338.79716392590905
0,3,2,1,0,3,2,3,3,2,2,0,1,0,0,1,0,1,0,0,0,0,0,1,1,345.5707669804511
1,2,3,1,0,2,1,1,1,3,2,0,0,0,0,1,0,1,0,1,0,0,0,1,0,684.9349845827433
3,0,2,0,2,2,0,3,0,3,2,0,0,0,0,0,0,1,0,0,1,0,0,1,0,763.8385285983303
3,0,4,0,0,3,1,1,2,0,2,1,0,1,0,0,0,1,0,1,0,0,0,1,0,801.0563354214686
0,2,2,4,0,0,0,2,2,2,2,0,0,0,0,0,0,0,1,0,1,0,0,0,0,682.711594132322
0,1,2,0,0,2,3,2,0,0,0,0,0,0,0,0,0,1,0,0,1,0,0,1,1,347.91349212219654
3,0,2,0,0,2,3,1,0,0,2,1,0,1,0,1,0,1,0,0,1,0,0,1,0,755.3609165063547
2,0,2,0,0,2,3,0,2,0,2,0,0,0,0,0,0,1,0,0,1,0,0,1,0,669.3729058904242
0,2,2,0,0,4,2,1,1,1,0,0,1,0,0,0,0,1,0,0,1,0,0,1,1,391.26223327851733
0,0,4,0,0,4,2,3,0,2,2,1,0,0,0,1,0,1,0,0,1,0,1,0,0,678.0799654010034
3,1,4,0,0,1,0,1,2,1,2,1,0,1,0,0,0,1,0,0,1,0,0,0,0,755.9802095626619
0,1,4,0,0,4,3,2,2,0,2,1,0,1,0,1,0,1,0,0,1,0,0,1,0,670.0336681825538
0,1,4,1,0,4,1,3,0,1,0,2,0,1,0,1,0,1,0,1,0,0,0,1,1,458.6443785174813
3,1,0,1,0,2,2,1,2,1,1,1,1,0,0,0,0,1,0,0,1,0,0,1,1,380.96878543463845
0,2,2,2,4,4,2,3,3,2,2,0,0,0,0,0,1,1,0,0,0,0,0,1,1,333.179602652019
1,3,3,1,4,2,2,3,3,1,2,0,1,1,0,0,0,1,0,0,0,0,0,1,0,670.3564550431022
3,1,3,0,2,2,2,1,2,2,2,1,1,1,0,0,0,1,0,0,1,0,0,1,0,741.1737938934425
0,1,2,0,0,1,1,2,2,0,2,0,0,1,0,1,0,1,0,1,0,0,0,1,1,389.2887251011381
0,3,0,3,0,4,2,3,2,0,2,1,0,0,0,0,0,1,0,1,0,0,0,1,1,321.2884739494089
1,1,2,1,4,4,1,3,2,2,2,0,0,1,0,0,0,1,0,0,1,0,0,1,0,770.5566974947167
2,0,2,0,0,1,1,2,0,0,2,0,0,0,0,0,0,1,0,0,1,0,1,0,1,424.39096896209213
0,0,0,0,0,2,2,3,2,2,0,1,0,0,0,1,0,1,0,0,1,0,0,1,1,344.57517903148215
3,0,2,0,4,2,1,1,2,0,2,0,0,0,0,0,0,1,0,0,1,0,0,1,0,741.8496389973211
3,0,2,0,0,1,1,2,0,0,2,0,1,0,0,0,0,1,0,1,0,0,1,0,0,495.66717136449614
0,1,4,0,0,4,2,3,1,3,2,1,0,1,0,0,1,1,0,0,1,0,0,1,0,794.2852987649931
3,1,4,0,0,4,3,2,0,2,2,1,0,0,0,0,0,0,1,0,1,0,0,1,0,807.6252987938724
0,2,2,1,0,3,2,1,1,0,2,0,0,0,0,0,0,1,0,0,1,0,0,1,1,374.8103627315858
3,1,3,0,0,2,2,1,0,0,1,1,0,0,0,0,1,1,0,0,1,0,1,0,0,770.9472749948967
3,1,2,0,0,1,1,3,0,0,2,0,0,0,0,0,0,1,0,0,1,0,0,1,1,399.681679073371
3,1,1,0,0,3,2,3,2,2,0,0,0,1,0,0,0,1,0,0,1,0,0,1,0,750.3500852576306
3,1,2,0,0,4,2,3,1,2,0,2,1,1,0,0,0,1,0,0,1,0,0,1,0,787.6611598234241
1,1,2,1,4,3,2,2,2,1,2,0,0,1,0,0,0,1,0,0,1,0,0,1,0,755.8679588524253
3,1,2,1,4,2,2,3,2,4,2,1,0,0,0,1,0,1,0,1,0,0,0,1,1,351.6553987881273
3,1,2,0,0,1,3,1,0,0,2,0,0,0,0,1,0,1,0,0,1,0,0,1,0,747.8330216675497
0,0,2,0,0,3,2,3,0,3,2,0,0,0,0,0,0,1,0,0,1,0,0,1,0,735.4032075937082
0,0,2,0,0,4,2,3,0,3,1,0,0,0,0,0,0,1,0,0,1,0,1,0,1,752.6623235355198
0,1,4,0,0,2,3,1,1,1,0,1,0,0,1,1,0,0,0,1,0,0,0,1,1,349.7865861016805
3,1,4,1,4,3,2,3,1,2,2,1,0,1,0,0,1,1,0,0,1,0,0,1,0,834.831214108031
3,0,4,0,0,2,2,3,3,1,2,1,0,1,0,0,0,1,0,0,0,0,0,1,0,789.4391319313737
0,1,1,0,0,3,2,3,3,1,2,1,1,0,0,1,0,1,0,0,0,0,1,0,1,303.1277181918783
3,2,3,2,0,4,2,1,2,2,2,1,1,1,0,1,0,1,0,0,1,0,0,1,0,745.3705251883271
3,1,2,0,1,1,3,2,0,1,2,0,0,1,0,1,0,1,0,0,1,0,0,1,0,790.072817563845
3,0,2,0,4,3,1,2,1,1,2,0,0,1,0,0,0,1,0,0,1,0,0,1,0,774.507715825166
3,0,4,0,0,2,2,1,3,0,2,0,0,1,0,0,0,1,0,0,0,0,0,1,0,743.9941881541265
0,0,2,1,0,2,1,1,1,0,2,0,0,1,0,1,0,1,0,0,1,0,0,1,1,367.34896315497036
3,0,2,0,1,2,2,1,0,0,2,0,1,0,1,1,0,0,0,1,0,0,0,1,0,763.8095525790261
3,1,4,1,3,2,2,1,0,0,2,1,0,0,0,0,1,1,0,0,1,0,0,1,0,811.3656124092952
3,1,3,0,0,2,3,1,2,0,2,0,0,1,0,0,0,1,0,0,1,0,0,1,1,467.07099450813433
0,1,2,0,0,1,1,3,0,1,2,0,0,1,0,0,0,1,0,0,1,0,0,1,1,357.0824532986328
3,1,4,1,3,1,2,1,0,1,1,1,1,1,0,0,0,1,0,0,1,0,1,0,0,741.7432887238263
3,0,2,0,0,2,2,1,0,0,0,0,0,0,0,0,0,1,0,1,0,0,1,0,1,414.57429641085196
3,0,2,0,2,2,1,3,2,0,2,0,0,0,0,0,0,1,0,1,0,0,0,1,0,548.2812136646771
0,1,2,0,0,1,1,0,2,0,1,0,0,0,0,0,0,1,0,0,1,0,0,1,0,651.522854169818
3,0,4,0,0,4,2,3,1,2,1,0,0,0,0,0,0,1,0,0,1,0,0,1,0,755.5059468248675
3,2,2,1,4,4,2,1,1,1,2,1,0,0,0,0,0,1,0,0,1,0,0,1,0,744.2759958892107
0,0,2,0,0,4,1,3,1,0,2,0,0,0,0,0,0,1,0,1,0,0,0,1,0,655.3439355314127
3,2,3,2,2,3,1,3,2,1,2,1,0,1,0,0,0,1,0,0,1,0,0,1,0,750.2401267035234
2,0,4,0,0,4,2,3,0,2,2,1,1,0,1,1,0,1,0,0,1,0,0,1,0,815.742969714493
0,1,4,0,1,3,2,0,0,0,2,1,0,1,0,0,0,1,0,0,1,0,0,1,0,742.8840917724792
3,0,2,0,4,1,1,0,0,0,2,0,0,0,0,0,0,1,0,0,1,0,0,1,0,760.7999311681344
0,0,2,0,0,2,2,1,1,0,2,0,1,0,0,0,0,0,1,0,1,0,1,0,0,753.9640601560346
1,0,4,0,3,2,1,3,2,1,2,1,0,0,0,1,0,1,0,0,1,0,0,1,0,775.2082612101594
0,1,1,0,0,1,2,3,3,1,0,0,0,1,0,0,0,0,1,0,0,0,0,0,0,701.0743110825663
3,2,2,0,0,4,2,1,2,0,2,0,0,0,0,0,0,1,0,0,1,0,0,1,0,675.9301443508891
0,0,2,0,0,1,2,1,3,0,2,0,0,1,0,1,0,1,0,0,0,0,0,0,1,376.04802586049374
3,1,4,1,4,3,2,2,1,1,2,1,0,0,0,0,0,1,0,0,1,0,0,1,0,822.8111407920165
3,1,2,2,0,3,2,2,2,1,2,0,0,1,0,0,1,1,0,0,1,0,0,0,0,786.3719081252385
3,1,2,2,4,2,0,3,3,2,2,0,0,1,0,0,1,1,0,0,0,0,0,1,0,756.9102470841875
1,1,4,0,4,4,2,3,0,1,2,1,0,0,0,1,0,1,0,0,1,0,0,1,0,742.4764633496386
3,1,4,0,0,0,1,3,2,4,2,1,0,0,0,0,0,1,0,0,1,1,0,0,0,784.8447754518947
1,1,2,1,0,3,0,2,2,2,2,0,0,1,0,0,0,1,0,0,1,0,0,1,1,589.5018674833821
0,0,2,0,0,1,1,3,1,3,2,0,0,0,0,0,0,1,0,0,1,0,0,1,1,387.58367494624633
1,1,4,0,4,3,2,2,3,1,2,1,1,1,0,0,0,1,0,0,1,0,0,1,0,738.0091123180364
1,3,2,4,0,2,2,1,2,0,2,0,0,1,0,0,0,1,0,0,1,0,0,1,1,316.59717795452116
3,2,4,1,0,4,2,3,2,1,2,1,0,1,0,1,0,1,0,0,1,0,0,0,0,784.3447237818742
3,1,1,2,4,1,2,3,0,1,0,1,1,1,0,0,1,0,0,1,0,0,0,1,0,727.1970300621854
0,1,4,0,0,4,2,3,2,2,1,3,1,1,0,0,0,1,0,0,1,0,0,0,0,691.3400030009889
3,0,4,0,0,4,2,3,2,2,2,1,0,1,0,0,0,1,0,0,1,0,0,1,0,811.6678804613031
0,0,4,0,0,2,2,3,1,1,0,1,0,0,1,1,0,1,0,0,1,0,1,0,0,632.9365594886976
1,2,4,1,0,2,2,3,2,1,2,1,0,1,0,0,1,1,0,0,1,0,0,1,0,775.4213525286461
3,1,4,0,4,2,2,2,1,0,2,1,0,1,0,0,0,1,0,0,1,0,0,1,0,794.8058096348379
3,2,3,2,4,3,2,1,2,1,1,0,1,1,0,0,1,1,0,0,1,0,0,0,0,801.868350334857
0,1,2,0,0,1,1,3,1,0,2,0,0,1,0,0,0,1,0,1,0,0,0,0,0,655.0714849929548
3,0,4,0,3,3,1,1,1,1,2,0,0,0,1,0,0,1,0,0,1,0,0,1,0,785.2555376002873
3,0,2,0,4,3,1,3,0,1,0,0,0,0,0,0,0,1,0,1,0,0,1,0,0,741.898214696614
0,1,2,1,0,2,2,2,2,2,2,0,0,0,0,0,0,0,1,0,1,0,0,1,1,683.3377421718094
0,0,4,0,0,4,2,3,1,2,0,0,0,1,0,1,0,0,0,1,0,0,0,1,1,377.0185787412609
3,1,4,0,4,1,0,3,0,2,2,1,0,1,0,1,0,1,0,0,1,0,0,1,0,709.7209175818623
3,2,4,2,4,4,2,3,3,2,2,1,0,0,0,0,1,1,0,0,0,0,0,1,0,671.49971749282
3,0,2,0,4,2,3,1,0,1,2,0,0,1,0,0,0,1,0,1,0,0,0,1,0,814.0602328793816
3,1,2,0,0,4,2,0,0,1,2,0,0,1,0,0,0,1,0,0,1,0,0,0,0,783.3710550958738
0,0,2,0,0,2,2,1,0,0,2,0,1,1,0,0,0,1,0,1,0,0,0,0,0,729.6017087759567
0,1,2,0,4,3,2,1,0,0,2,0,0,0,1,1,0,0,1,0,1,0,1,0,0,706.1299542049549
1,2,2,0,4,2,3,1,2,0,2,0,0,0,0,0,0,1,0,0,1,0,0,1,0,689.8977237866936
3,0,3,0,0,1,1,1,1,2,2,1,0,0,0,0,1,1,0,0,1,0,1,0,0,803.7221880675738
1,0,2,0,4,2,1,1,0,1,2,0,0,0,0,1,0,1,0,0,1,0,1,0,0,718.5957358560221
3,2,3,1,0,2,1,3,0,1,2,1,0,0,0,0,0,1,0,0,1,0,0,1,0,692.6391906101014
1,1,4,1,0,1,1,3,2,0,0,0,0,0,0,0,0,1,0,0,1,0,1,0,1,409.7816646147003
1,1,2,0,4,4,1,3,2,0,2,0,0,0,0,0,0,1,0,0,1,0,0,1,0,771.5875183680525
3,0,2,0,3,4,0,1,0,0,2,0,0,1,0,0,0,1,0,0,1,0,0,1,0,787.8741711882204
0,1,1,0,0,2,2,1,1,1,2,0,0,1,0,0,0,1,0,1,0,0,0,1,1,323.2180586094723
1,3,0,4,0,2,1,1,1,1,0,0,0,1,1,0,0,1,0,0,1,0,0,0,1,373.65110969429236
3,0,2,0,1,2,2,1,0,1,2,0,1,0,0,0,1,0,1,0,1,0,0,1,0,831.8503604565042
0,0,2,4,0,4,2,3,3,4,0,0,0,1,0,1,0,1,0,0,1,0,0,0,1,348.5201801728371
0,1,2,0,1,0,0,0,1,1,2,0,0,0,0,0,0,1,0,0,1,0,0,1,1,347.7954543764489
0,1,2,0,0,4,2,1,1,1,2,0,0,1,0,0,0,1,0,1,0,0,0,0,1,374.4845582418657
3,1,4,0,0,2,1,1,3,0,2,1,0,0,0,0,0,1,0,0,1,0,0,1,0,775.3340767586623
3,3,3,3,2,3,2,0,2,1,2,0,0,1,0,0,0,1,0,0,1,0,0,0,0,811.9757086564123
0,0,2,0,0,1,1,3,1,0,2,0,0,0,0,0,0,1,0,1,0,0,0,1,1,460.95543466269874
1,0,2,0,0,3,2,3,1,0,2,0,1,1,0,1,0,1,0,1,0,0,0,1,0,653.8114748736839
0,1,1,1,0,1,0,0,1,3,0,0,0,1,0,0,0,1,0,0,1,0,0,1,1,679.9238975891591
0,0,1,0,0,1,2,1,2,2,0,1,0,1,0,1,0,1,0,0,1,0,0,1,1,357.0640193502941
0,1,4,0,0,1,1,3,1,0,2,0,0,0,0,0,0,1,0,1,0,0,0,1,0,691.6672678059999
0,3,2,2,0,3,2,3,3,1,1,2,1,1,0,0,1,1,0,0,0,0,0,1,1,338.004155657873
3,1,2,0,4,4,2,3,2,3,2,0,0,1,0,0,0,1,0,0,1,0,0,1,0,819.4928430693818
0,0,3,0,0,2,2,1,0,2,2,1,1,0,0,1,0,1,0,0,1,0,1,0,0,726.0936346509575
0,1,2,0,0,1,2,0,1,0,2,0,0,0,1,0,0,0,1,0,1,0,1,0,0,752.6699351697047
1,0,2,0,0,1,1,1,2,0,2,0,0,1,0,0,0,1,0,0,1,0,0,1,1,391.6866829521411
3,0,4,0,0,2,2,0,0,0,2,1,0,0,0,1,0,1,0,0,1,0,0,1,0,795.0776714216614
3,0,4,0,2,4,2,3,1,2,2,1,1,1,0,0,0,1,0,0,1,0,0,1,0,812.533621591998
0,0,2,0,0,2,1,0,2,0,0,0,0,0,0,0,0,1,0,0,1,0,0,1,0,766.5141362990827
1,1,3,0,1,1,2,2,3,0,1,1,0,0,0,0,0,1,0,0,1,0,0,0,1,399.79462269694994
2,0,2,0,0,2,1,1,0,0,2,0,0,0,0,0,0,1,0,0,1,0,1,0,1,593.3775990406168
1,0,2,0,0,1,3,2,2,0,2,0,0,1,0,0,0,1,0,1,0,0,0,0,0,655.8098047227988
1,4,2,1,0,2,2,3,3,2,2,0,0,0,0,0,0,1,0,0,0,0,0,1,1,335.72574310542257
3,1,4,1,4,2,2,3,1,2,2,1,1,1,0,0,1,1,0,0,1,0,0,0,0,820.7025702479174
3,0,2,0,4,1,2,2,1,2,2,0,1,1,0,1,0,1,0,0,1,0,0,0,0,763.7470533144538
3,0,2,0,0,2,2,1,0,1,2,0,1,0,1,1,0,1,0,0,1,0,1,0,0,807.6754027790644
3,1,2,0,4,3,2,1,2,1,1,0,0,1,0,0,0,1,0,0,1,0,0,1,0,773.800100713789
3,0,4,0,0,3,2,0,0,2,2,2,1,0,0,1,0,1,0,0,1,0,1,0,0,805.1936827526571
0,0,2,0,0,1,1,0,1,2,2,0,0,0,0,0,0,0,0,1,0,0,0,1,0,793.0585602122185
1,3,0,2,2,1,1,0,2,0,2,1,0,0,0,1,0,1,0,0,1,0,0,1,0,713.7097006543012
0,1,1,0,2,1,2,3,3,0,2,0,1,1,0,0,0,1,0,0,0,0,0,1,1,383.4768481541608
3,0,2,0,4,0,2,3,3,1,2,0,0,1,0,1,0,1,0,0,1,0,0,0,0,732.3449180892187
3,1,2,0,0,1,3,0,1,2,2,0,1,0,0,0,0,0,1,0,1,0,1,0,1,789.2029284981761
3,1,2,0,1,4,2,3,2,1,2,1,0,0,0,0,0,1,0,0,1,0,0,1,1,500.82364239890376
1,1,4,0,0,0,3,2,2,1,2,2,1,1,0,0,0,1,0,0,1,1,0,0,0,691.4686913460034
0,2,3,0,0,3,2,0,2,0,2,1,0,1,0,0,0,1,0,0,1,0,0,1,1,353.457307179834
1,1,2,1,2,1,1,3,2,0,2,0,0,0,0,0,1,1,0,1,0,0,0,1,1,434.0634268590786
3,2,2,2,0,0,1,1,2,0,2,1,0,1,0,0,0,1,0,0,1,0,0,0,1,319.8606703744777
0,0,2,0,0,2,1,3,1,0,2,0,0,1,0,1,0,0,0,0,1,0,0,1,0,639.7863217968921
0,1,4,0,3,4,1,3,1,3,2,1,0,1,0,0,0,1,0,1,0,0,0,0,0,789.8690666103839
2,1,4,0,4,4,2,3,1,2,1,1,0,0,0,0,0,1,0,0,1,0,1,0,0,806.0121204282166
1,0,4,0,0,4,2,3,0,1,2,2,0,0,0,0,0,1,0,0,1,0,1,0,0,767.0517747633554
0,1,2,1,0,2,2,1,2,2,2,0,0,0,0,1,0,1,0,0,1,0,1,0,1,340.47710876964936
1,1,2,0,1,4,2,3,3,0,2,0,0,0,0,0,0,1,0,0,0,0,0,1,0,561.2570043171797
3,0,4,0,0,4,3,1,0,0,2,1,0,0,0,0,0,1,0,1,0,0,0,1,0,800.6989305861969
1,1,3,0,0,2,0,3,1,2,2,1,0,0,0,1,0,1,0,0,1,0,0,1,0,700.0935656076389
3,0,2,0,4,2,2,1,3,0,2,0,0,0,0,1,0,1,0,0,1,0,0,1,0,712.1579601398812
3,1,2,0,2,4,2,1,2,1,0,1,0,1,0,0,0,1,0,0,1,0,0,1,1,406.0760005361314
1,0,2,0,0,1,3,0,1,0,2,0,0,0,0,0,0,1,0,0,1,0,1,0,0,716.1048875913955
1,1,2,0,4,2,1,0,2,0,2,0,0,0,0,0,0,1,0,0,1,0,0,1,0,784.2146426680199
1,1,4,0,2,2,2,1,1,0,2,1,0,0,0,0,0,1,0,0,1,0,1,0,1,427.40042501524806
3,0,2,0,0,4,1,1,2,3,0,0,0,1,0,0,0,1,0,1,0,0,0,0,0,692.1894153068763
3,2,2,1,4,3,3,3,1,0,2,0,0,1,0,0,0,1,0,1,0,0,0,1,0,765.9759891988342
0,0,4,1,0,2,2,1,0,1,2,1,1,0,0,1,0,1,0,0,1,0,1,0,0,769.035241424931
1,0,2,0,1,2,2,1,0,0,2,0,0,0,0,0,0,0,0,0,1,0,0,1,0,779.8042008553277
3,1,2,1,0,2,2,3,1,2,2,0,1,0,0,1,0,1,0,0,1,0,1,0,0,723.9724358523939
0,1,1,0,0,0,1,3,3,0,2,1,0,0,0,1,0,0,1,1,0,1,0,0,1,353.15757234975905
0,4,2,1,0,4,2,3,3,1,2,0,0,0,0,0,0,0,1,1,0,0,0,1,1,328.59038895766946
3,1,4,0,0,2,1,1,2,1,2,0,0,1,0,0,0,1,0,0,1,0,0,1,0,798.3920354553075
2,1,2,0,2,2,1,2,2,3,2,0,0,0,0,0,0,1,0,0,1,0,1,0,0,762.551525643094
1,0,2,0,0,2,1,2,0,4,2,0,0,0,0,0,0,0,0,0,1,0,0,1,0,787.3437479368095
1,1,3,0,4,4,2,1,1,2,2,1,0,0,0,0,0,1,0,0,1,0,0,1,0,780.226592976293
3,1,3,0,0,4,2,3,2,2,2,1,1,0,0,1,0,1,0,0,1,0,1,0,1,717.6222176997974
1,0,1,0,1,2,3,1,1,0,2,0,0,0,0,1,0,1,0,1,0,0,0,1,1,331.3648412921715
1,1,4,2,0,3,2,1,1,2,2,0,0,0,0,0,0,1,0,0,1,0,0,1,1,381.0014768137869
3,3,2,1,0,0,2,1,2,1,0,0,0,1,0,0,0,1,0,1,0,0,0,0,1,363.7131515293223
2,1,2,0,1,2,1,0,2,0,0,0,0,1,0,1,0,1,0,0,1,0,0,0,0,768.6030351897299
0,2,2,2,0,2,2,1,1,0,2,0,1,0,0,0,1,1,0,0,1,0,0,1,1,394.3844466649408
3,1,4,0,0,3,2,1,1,0,2,1,0,0,0,0,0,1,0,0,1,0,1,0,0,763.7618490542256
0,0,4,0,0,2,1,2,1,0,2,1,0,0,0,0,0,1,0,1,0,0,0,1,0,714.3779170091482
2,2,0,1,0,1,0,0,1,1,2,1,0,0,0,0,0,1,0,0,1,0,0,1,0,511.41391026105026
3,0,2,0,1,0,1,3,0,4,2,0,0,0,0,0,0,1,0,0,1,0,0,1,0,747.6342986834909
0,1,2,1,0,0,2,1,3,0,2,0,0,1,0,0,1,1,0,0,0,0,0,0,0,776.6901327591047
1,1,4,0,0,4,2,1,1,2,2,1,0,0,0,0,0,1,0,0,1,0,1,0,0,536.1973853383183
3,0,4,0,4,1,2,0,1,1,2,1,1,0,0,0,0,1,0,0,1,0,1,0,0,779.8581412356225
3,0,1,0,1,4,2,3,2,1,0,0,1,0,0,0,0,1,0,0,1,0,1,0,0,663.0036633940254
0,1,2,0,4,3,3,3,2,0,2,1,0,0,0,0,0,1,0,1,0,0,1,0,0,699.0192889742425
0,2,2,1,0,0,2,2,1,0,2,0,0,1,0,0,0,1,0,0,1,0,0,0,0,680.3563173520861
3,0,2,0,4,4,2,2,2,2,2,0,0,1,0,1,0,1,0,0,1,0,0,1,0,821.6249586391014
3,0,2,0,0,3,1,3,0,1,2,0,0,0,0,0,0,1,0,0,1,0,1,0,0,740.6461110898847
0,1,2,1,0,2,0,3,1,1,2,0,0,1,0,0,1,1,0,0,1,0,0,0,0,690.7504645838337
3,0,2,0,0,4,2,3,2,1,2,0,0,0,0,0,0,1,0,0,1,0,0,1,0,759.4694295559875
0,3,2,0,0,2,2,3,3,0,2,0,0,1,0,0,0,1,0,0,0,0,0,1,1,318.5724245653063
1,3,4,1,1,0,2,3,2,0,2,0,0,0,0,0,1,1,0,0,1,0,0,1,0,746.050154953323
