X1,X2,X3,X4,X5,X6,X7,X8,X9,X10,X11,X12,X13,X14,X15,X16,X17,X18,X19,X20,X21,X22,X23,X24,"Y(1=default, 0=non-default)",Credit_Score,Credit_Rating
0,0,4,0,4,4,2,3,0,4,2,1,0,1,0,0,0,1,0,0,1,0,0,1,0,742.6971695393881,2
1,3,2,1,0,2,1,1,0,0,2,0,0,0,0,0,0,1,0,0,1,0,0,1,1,323.7390065574192,6
3,0,4,0,0,3,2,2,0,2,2,0,1,0,0,0,0,1,0,0,1,0,1,0,0,790.4838144088515,2
0,2,2,2,0,3,2,3,1,2,2,0,1,0,0,0,0,0,0,0,0,0,0,1,0,648.7012769053362,3
0,1,3,1,0,2,2,3,3,3,2,1,1,0,0,1,0,1,0,0,0,0,0,1,1,344.80845897622385,6
3,2,2,2,4,2,2,3,3,1,2,0,1,1,0,0,0,1,0,0,0,0,1,0,0,649.1845164286417,3
3,1,2,0,2,4,2,3,1,3,2,0,0,0,0,0,0,1,0,0,1,0,0,1,0,769.6785498867926,2
1,2,2,1,0,2,2,1,2,1,2,0,0,1,0,0,1,1,0,1,0,0,0,0,0,621.7141438533919,3
3,0,2,0,3,3,0,3,0,3,2,0,0,0,0,0,0,1,0,0,1,0,1,0,0,757.5060793567598,2
1,1,4,1,0,0,3,1,2,0,2,1,0,0,0,1,0,1,0,0,1,0,0,0,1,336.5715843970821,6
1,0,2,0,0,1,1,0,2,0,2,0,0,0,0,1,0,1,0,1,0,0,0,1,1,456.8256374042568,5
0,3,2,1,0,1,1,3,1,0,2,0,0,0,0,0,0,1,0,1,0,0,0,1,1,336.8580109573188,6
1,0,2,0,0,2,1,0,2,0,2,0,0,1,0,0,0,1,0,0,1,0,0,1,0,662.984604173263,3
0,1,4,0,0,4,2,3,2,3,2,1,0,0,0,1,0,1,0,0,1,0,1,0,1,368.8714056140288,6
0,0,2,0,0,2,1,3,2,0,2,0,0,0,0,1,0,1,0,1,0,0,0,1,0,517.7354906565388,4
0,1,2,0,1,2,1,1,2,1,2,0,0,0,0,0,0,1,0,0,1,0,1,0,1,365.52585022513057,6
3,1,4,0,4,4,2,3,1,3,2,1,0,0,0,0,0,1,0,0,1,0,0,1,0,765.5322482957149,2
0,1,0,2,4,1,2,2,2,0,0,2,0,0,0,0,0,1,0,0,1,0,0,1,0,614.5194999311145,3
1,1,2,3,0,4,1,1,3,2,2,0,0,1,0,0,1,1,0,0,0,0,0,0,1,314.486242060427,6
3,1,2,0,2,4,2,1,2,1,2,0,1,1,0,0,0,1,0,0,1,0,0,1,0,742.7760041478226,2
3,0,4,0,0,2,2,3,2,2,2,2,0,1,0,1,0,1,0,0,1,0,0,1,0,788.8934408543711,2
0,0,2,0,2,2,2,2,0,2,2,0,1,0,0,0,0,1,0,1,0,0,0,1,0,705.0760371560301,3
0,0,4,0,0,1,2,2,0,2,2,1,1,0,1,1,0,1,0,1,0,0,1,0,0,721.400366174809,2
1,0,4,0,1,1,2,3,1,2,2,0,0,0,0,0,1,1,0,0,1,0,0,1,0,694.8561978854718,3
3,0,4,0,4,2,3,0,2,0,2,1,0,0,1,0,0,1,0,0,1,0,0,1,0,753.3679850812368,2
0,0,2,0,0,2,2,1,0,1,0,0,0,1,0,0,0,1,0,0,1,0,1,0,0,618.0180886425828,3
3,0,0,0,0,4,3,3,2,1,2,0,0,0,0,0,0,1,0,0,1,0,1,0,0,653.6572294592122,3
2,0,1,0,3,2,1,2,0,2,2,1,0,0,0,0,0,1,0,1,0,0,0,1,0,636.9609106566083,3
1,0,2,0,0,2,2,1,0,1,2,0,0,0,0,0,0,0,0,0,1,0,0,1,0,728.351180992889,2
0,4,3,1,0,4,2,3,3,3,2,1,0,1,0,0,0,1,0,0,1,0,0,1,1,315.4792097708829,6
1,1,2,0,3,1,3,2,0,1,0,0,0,1,0,0,0,1,0,0,1,0,0,1,0,625.5311333772149,3
0,1,2,1,0,2,2,1,2,0,1,0,0,0,0,0,0,1,0,0,1,0,0,1,0,541.5225669290263,4
1,1,2,1,1,2,2,1,2,0,2,1,0,1,0,1,0,1,0,0,1,0,0,1,0,565.2550277527868,4
3,0,4,0,4,4,2,3,3,3,2,0,0,0,0,0,0,1,0,1,0,0,1,0,0,734.1294504392556,2
2,0,2,0,0,1,1,0,1,1,0,0,0,1,0,0,0,1,0,0,1,0,0,0,0,693.0213395068819,3
1,3,4,1,0,1,2,1,1,0,2,1,0,0,0,0,0,1,0,0,1,0,1,0,1,326.2644736343149,6
3,3,4,1,0,2,2,2,3,1,0,0,0,1,0,0,0,1,0,0,0,0,0,1,0,606.8262127786702,4
2,1,2,0,0,2,2,1,0,1,1,0,0,0,0,0,0,0,1,0,1,0,0,1,1,358.5604514114364,6
2,0,2,0,0,2,2,1,2,1,2,0,0,1,0,0,0,1,0,0,1,0,0,1,0,588.9415985991923,4
1,0,2,0,0,2,2,2,0,0,2,0,0,0,0,0,0,1,0,0,1,0,0,1,0,626.9826054003611,3
3,1,2,0,2,4,2,1,2,0,0,0,0,0,0,0,0,1,0,0,1,0,0,0,0,677.750859175628,3
1,0,2,0,2,2,0,0,2,0,2,0,0,1,0,0,0,1,0,0,1,0,0,1,0,657.876040437686,3
1,1,3,1,0,2,2,3,0,2,2,0,1,1,0,0,0,1,0,0,1,0,1,0,0,620.4523847267432,3
0,1,4,1,1,3,3,3,2,0,2,1,0,0,0,0,1,1,0,1,0,0,0,1,0,680.3690086355425,3
0,3,4,1,0,4,1,3,3,3,1,1,0,0,0,0,1,1,0,0,0,0,1,0,1,445.8385234941512,5
3,0,4,0,0,1,1,3,2,1,2,1,0,0,0,1,0,1,0,0,1,0,0,0,0,693.4166603746796,3
3,2,2,0,2,4,2,3,2,1,2,0,0,0,0,0,0,1,0,0,1,0,0,1,0,705.1532140288632,3
0,0,2,0,2,0,1,1,1,0,2,0,0,1,0,0,1,1,0,1,0,1,0,0,0,686.4919503401936,3
3,0,4,1,0,2,2,3,1,1,2,1,0,0,0,1,0,1,0,0,1,0,1,0,0,747.9279495865323,2
3,0,2,0,1,2,1,1,0,0,2,0,0,0,0,0,0,0,1,0,1,0,0,1,0,644.7256205437029,3
1,1,3,0,4,1,2,1,1,0,0,0,0,0,0,0,0,1,0,0,1,0,1,0,0,631.497068157342,3
1,1,3,1,0,4,2,1,2,0,2,1,0,1,0,0,1,1,0,0,1,0,0,0,0,736.8238936309194,2
3,0,2,0,0,2,2,1,2,0,2,0,0,0,0,0,0,1,0,0,1,0,0,1,0,540.6653353216648,4
3,1,2,0,4,2,2,0,1,1,2,0,0,1,0,0,1,1,0,0,1,0,0,1,0,783.1222727129104,2
1,2,3,0,0,4,2,3,3,3,0,1,0,1,0,1,0,1,0,0,0,0,0,1,1,425.2282566758289,5
3,0,1,0,4,2,2,1,0,0,1,0,1,0,0,1,0,0,0,0,1,0,1,0,0,452.5840431729317,5
1,0,2,1,4,0,2,0,3,2,2,0,0,1,0,0,0,1,0,0,1,0,0,0,1,365.67108047878605,6
3,2,4,2,0,2,1,1,2,1,1,1,0,0,0,0,0,1,0,0,1,0,0,1,0,616.3302248453158,3
2,1,2,0,0,4,1,1,2,0,2,0,0,0,0,1,0,1,0,0,1,0,0,0,0,647.4105788815452,3
0,2,4,1,0,1,1,3,3,0,2,1,0,1,0,0,0,0,1,1,0,0,1,0,1,367.66471944816766,6
1,0,2,0,0,2,3,0,0,0,0,0,0,1,0,0,0,1,0,0,1,0,0,1,0,439.4978402502536,5
1,0,4,0,4,4,2,3,0,2,2,1,0,1,0,0,0,0,0,0,1,0,0,1,0,777.041338927939,2
1,2,0,0,0,4,2,3,3,3,2,0,0,1,0,0,0,1,0,0,0,0,0,0,1,320.7106845509416,6
1,3,0,3,0,2,2,1,2,0,2,0,0,1,0,0,0,1,0,0,1,0,0,1,1,331.01404056001627,6
3,1,2,0,0,1,1,3,1,0,2,0,0,1,0,0,0,1,0,0,1,0,0,1,0,664.2736041243459,3
3,1,2,1,4,4,2,3,1,2,2,3,1,1,0,0,0,1,0,0,1,0,0,1,0,709.8589911798811,3
3,0,2,0,0,1,1,1,2,0,0,0,0,0,0,0,0,1,0,0,1,0,0,1,0,422.58711362334793,5
1,0,2,0,3,2,3,0,0,0,2,0,0,0,0,1,0,1,0,0,1,0,0,1,0,497.47264844065626,5
3,2,2,0,0,2,2,3,3,1,1,0,0,1,0,0,0,1,0,0,0,0,0,1,1,394.889195152733,6
3,2,2,0,4,2,1,3,2,0,2,0,0,0,0,0,0,1,0,0,1,0,0,1,0,653.2794275869182,3
3,2,2,2,0,2,1,1,1,0,0,0,0,0,0,0,1,1,0,0,1,0,0,1,0,369.9686555309759,6
3,0,4,0,4,4,2,1,1,2,2,1,0,1,0,0,0,1,0,1,0,0,1,0,0,745.9841102734337,2
0,0,4,0,0,4,2,3,3,2,0,1,1,1,0,0,0,1,0,0,0,0,0,0,0,581.6385382644196,4
1,2,4,1,0,3,1,0,0,1,0,1,0,0,0,0,0,1,0,0,1,0,1,0,0,688.2959439333274,3
0,2,2,0,4,4,2,3,3,1,2,0,0,1,0,0,0,1,0,0,1,0,0,0,1,358.8596832265651,6
0,0,4,0,0,4,2,3,3,4,2,1,0,0,0,0,1,1,0,0,0,0,0,0,0,655.7794398880908,3
0,2,2,1,0,1,2,2,2,1,2,0,0,0,0,0,0,1,0,0,1,0,0,1,1,395.1508295925844,6
1,0,3,1,0,3,2,3,1,2,2,0,0,0,0,0,0,1,0,0,1,0,0,1,0,659.2246104103517,3
3,3,0,2,4,2,2,1,1,1,2,0,1,0,0,0,1,1,0,0,1,0,1,0,0,706.1568918830742,3
1,1,2,0,0,1,3,0,1,0,2,0,0,0,0,0,0,1,0,0,1,0,0,1,0,518.6899203828955,4
3,1,2,1,4,1,1,0,2,2,2,1,0,1,0,0,0,1,0,0,1,0,0,1,1,361.5755243608251,6
3,0,2,0,2,4,2,2,1,2,1,0,0,1,0,0,0,1,0,0,1,0,0,1,0,762.3563631108598,2
3,1,2,0,1,2,1,3,1,0,2,0,0,0,0,0,0,1,0,1,0,0,1,0,0,597.2567357939588,4
0,1,2,0,0,4,1,3,0,3,2,0,0,1,0,0,0,0,0,0,1,0,1,0,0,739.4266048153248,2
0,0,2,0,0,4,2,3,0,2,2,0,0,0,0,0,0,1,0,0,1,0,1,0,0,720.9660540025418,2
3,0,4,0,0,2,1,1,0,0,2,1,0,1,0,0,0,0,0,0,1,0,0,0,0,690.2601710295863,3
1,1,4,0,0,1,1,0,1,0,2,1,0,0,0,0,0,1,0,0,1,0,0,1,0,631.4179778573107,3
1,2,2,3,1,2,2,3,3,2,2,0,1,1,0,0,0,1,0,0,0,0,0,1,1,329.11317029595887,6
0,1,2,0,1,3,2,2,2,0,2,0,1,1,0,1,0,1,0,0,1,0,0,0,0,492.19841728612346,5
0,0,0,0,0,3,2,2,0,0,2,1,0,0,0,0,0,1,0,0,1,0,0,1,1,346.33210262550244,6
3,0,4,0,0,4,2,3,0,3,2,0,0,0,0,0,0,1,0,0,1,0,0,1,0,797.9790442904513,2
0,0,4,0,0,4,2,2,0,3,2,0,0,0,0,0,1,1,0,0,1,0,0,1,0,766.2571937395735,2
3,0,4,0,4,4,1,2,1,1,0,0,1,0,0,0,0,1,0,0,1,0,1,0,1,367.3459673391443,6
2,1,4,0,4,4,2,3,3,0,2,1,0,0,0,0,0,0,1,1,0,0,0,1,0,648.9503489065947,3
1,0,2,0,3,4,2,3,0,3,2,0,0,1,0,1,0,1,0,0,1,0,0,1,0,792.4392076888703,2
1,3,0,4,0,1,2,3,3,3,2,0,0,1,0,0,0,1,0,1,0,0,0,1,1,317.6128975042359,6
3,0,4,0,4,3,1,1,2,3,2,0,0,0,0,0,0,1,0,0,1,0,0,1,0,758.7076876798242,2
1,1,2,0,1,2,2,3,2,1,2,0,0,0,0,0,0,1,0,0,1,0,0,1,0,590.8688740511739,4
1,2,4,0,0,4,2,3,0,1,2,0,0,0,0,0,0,1,0,0,1,0,0,1,0,645.4287675969631,3
1,1,3,1,4,3,2,3,1,1,0,1,1,1,0,0,1,1,0,1,0,0,0,0,0,814.9419174173582,2
3,1,2,0,1,4,3,3,0,1,2,0,0,0,0,1,0,1,0,1,0,0,1,0,0,725.6941256159723,2
1,2,2,0,0,3,2,3,2,0,2,0,0,0,0,0,0,1,0,1,0,0,0,1,0,476.78397674576985,5
3,0,3,0,0,2,1,1,0,0,2,0,0,0,0,0,0,1,0,0,1,0,0,1,0,609.021895691847,4
1,0,4,0,0,3,2,2,2,1,2,0,0,1,0,0,0,1,0,1,0,0,0,1,0,658.0096538240161,3
3,0,2,0,4,1,3,3,2,0,2,0,0,1,0,0,1,1,0,1,0,0,0,1,0,693.0333855468399,3
1,1,4,3,0,2,2,2,2,1,2,1,1,1,0,0,0,0,1,0,1,0,0,0,1,365.8268438243156,6
3,1,1,1,0,4,2,3,3,1,0,1,1,1,0,1,0,1,0,0,1,0,0,0,1,352.51835189442284,6
1,0,2,1,0,3,2,1,2,1,2,0,0,0,0,1,0,1,0,0,1,0,0,1,0,375.9266436760512,6
0,1,2,2,4,1,1,1,1,0,2,0,0,1,1,0,0,1,0,0,1,0,0,1,0,649.4128357628438,3
1,0,2,0,2,4,3,1,0,1,2,0,0,1,0,0,0,1,0,0,1,0,0,1,0,717.1068249767038,2
1,0,3,0,1,4,0,1,2,1,0,1,1,0,0,0,0,1,0,0,1,0,0,1,0,445.9581147841397,5
2,0,2,0,0,1,1,3,1,0,2,0,0,1,0,0,0,1,0,1,0,0,0,1,0,643.5186597496698,3
1,1,2,1,0,3,2,2,0,0,2,0,0,0,0,1,0,1,0,1,0,0,1,0,0,637.8979419356349,3
3,2,4,2,0,2,1,1,0,0,1,1,0,1,0,1,0,1,0,0,1,0,0,1,1,328.3501104397993,6
0,0,2,0,2,4,3,0,0,1,2,0,0,0,0,0,0,1,0,0,1,0,0,1,0,635.3305000021603,3
3,3,4,0,4,4,2,0,0,2,2,0,0,1,0,0,0,1,0,0,1,0,0,1,0,773.7895753928952,2
0,2,2,1,4,3,1,2,2,0,2,0,0,1,0,0,0,1,0,0,1,0,0,0,1,383.14005862742414,6
0,0,4,0,4,1,1,2,0,0,2,1,0,0,1,0,0,0,1,1,0,0,0,1,0,761.6533152765787,2
0,2,4,1,2,2,1,3,2,0,2,1,0,0,0,0,0,1,0,0,1,0,0,1,1,355.3807643462501,6
1,0,4,0,2,3,0,2,2,1,2,0,0,1,0,1,0,1,0,0,1,0,0,0,0,629.277556752694,3
0,1,2,0,0,2,1,1,0,0,2,1,0,1,0,0,0,1,0,0,1,0,0,1,1,380.3511494210188,6
3,1,4,1,0,4,1,1,2,1,2,1,0,1,0,0,1,1,0,1,0,0,0,0,0,780.4343528396005,2
3,0,2,0,0,2,2,1,0,0,2,0,0,0,0,0,0,1,0,1,0,0,1,0,0,647.909362147248,3
2,0,4,0,0,4,2,3,3,3,2,1,0,1,0,1,0,1,0,0,0,0,0,1,0,681.8032755264485,3
1,1,2,0,4,1,1,2,0,0,2,0,0,0,0,0,0,1,0,1,0,0,0,1,1,401.59183838358985,6
0,0,4,0,0,2,2,1,1,0,2,1,0,0,0,1,0,1,0,0,1,0,0,1,0,603.2736803449334,4
0,0,2,0,0,2,3,1,0,1,2,0,0,0,0,0,0,1,0,0,1,0,1,0,0,664.1304617821908,3
1,0,2,0,0,2,2,1,2,0,2,0,0,0,0,0,0,1,0,0,1,0,0,1,1,376.7422139871612,6
1,0,4,0,0,0,2,1,2,1,2,1,0,1,0,0,1,1,0,0,1,0,0,0,0,669.5428073717756,3
0,0,4,0,0,2,1,1,0,0,2,1,0,0,0,1,0,0,1,0,1,0,0,1,1,371.4378325597469,6
1,3,2,2,4,3,1,1,2,0,2,0,0,0,0,1,0,1,0,0,1,0,0,1,0,665.7302974935499,3
0,2,3,1,0,2,2,2,1,0,1,0,0,1,0,0,0,1,0,0,1,0,0,1,1,376.3857138068584,6
3,0,2,0,0,1,2,2,1,0,0,1,0,0,0,0,0,1,0,0,1,0,1,0,0,613.2181031951293,3
3,1,2,0,0,2,2,3,3,2,0,1,0,0,0,0,0,1,0,0,0,0,0,1,0,636.0241473604998,3
3,4,2,2,1,3,1,3,0,0,2,0,0,1,0,0,0,1,0,0,1,0,0,1,0,629.7131767652571,3
3,0,4,0,4,4,1,1,0,1,2,1,0,1,0,0,0,1,0,0,1,0,0,1,0,717.0847162151562,2
3,1,3,2,3,2,2,1,2,0,2,1,0,0,0,0,1,1,0,0,1,0,0,1,0,649.8295848396849,3
1,0,2,0,2,2,2,2,0,4,2,0,0,0,0,0,0,1,0,0,1,0,1,0,1,764.608496493064,2
1,0,4,0,4,3,2,1,0,1,0,2,0,1,0,0,0,0,0,0,1,0,0,1,0,707.8063731757272,3
2,0,2,0,0,2,1,1,2,2,2,0,0,1,0,0,0,1,0,1,0,0,1,0,0,593.6653196713713,4
2,0,2,0,3,1,3,1,0,0,2,0,0,0,1,1,0,1,0,0,1,1,0,0,0,741.5878958913436,2
1,2,2,1,0,1,1,0,3,0,2,0,0,1,0,0,0,1,0,0,1,0,0,0,0,585.74611029171,4
0,1,2,0,0,2,2,1,2,0,2,0,0,0,0,0,0,1,0,0,1,0,0,0,0,506.7448355174644,5
0,1,2,0,0,2,2,1,2,0,2,0,0,0,0,0,0,1,0,0,1,0,0,1,1,439.4235719533766,5
3,1,4,0,0,1,1,3,1,0,2,0,0,1,0,0,0,1,0,0,1,0,0,1,0,674.8091656721292,3
1,3,1,0,1,3,2,1,2,0,2,0,0,0,0,0,0,1,0,0,1,0,0,1,0,598.7805996885343,4
0,0,4,0,0,4,1,3,3,1,2,1,0,1,0,1,0,1,0,0,1,0,0,1,0,651.1591326452883,3
3,0,4,0,1,3,1,2,2,2,2,1,0,1,0,1,0,1,0,0,1,0,0,1,0,777.392681117253,2
0,2,4,1,0,2,2,1,1,0,2,1,0,0,0,0,0,0,0,0,1,0,0,1,0,642.2860894347764,3
3,1,4,0,3,4,2,3,2,2,2,1,0,0,0,0,0,1,0,0,1,0,0,1,0,751.6907859437479,2
3,0,2,0,1,4,2,3,3,2,0,0,1,1,0,0,0,1,0,0,0,0,0,1,0,707.1697193884681,3
3,0,2,0,0,2,2,3,1,1,2,0,0,1,1,0,0,1,0,0,1,0,0,1,0,762.2893700129018,2
2,2,2,1,0,2,2,0,2,0,2,0,0,0,0,0,0,1,0,0,1,0,0,1,0,640.3146714304494,3
1,1,4,2,3,4,1,3,3,0,2,0,0,0,0,0,1,1,0,1,0,0,0,1,0,708.0775506000646,3
1,1,3,1,1,3,2,3,2,1,2,0,0,1,0,0,0,1,0,1,0,0,0,0,0,739.7306297969296,2
0,0,2,0,0,2,1,3,2,0,2,0,0,0,0,0,0,1,0,1,0,0,0,1,1,427.8840504887323,5
0,0,4,0,1,4,2,3,0,2,2,1,1,0,1,0,0,0,0,0,1,0,0,1,0,793.2041068408892,2
0,0,1,0,0,4,3,0,2,2,0,0,0,0,0,0,0,1,0,0,1,0,1,0,0,630.7962175509067,3
1,1,2,0,1,3,2,2,2,1,0,1,0,1,0,1,0,1,0,0,1,0,0,1,0,489.2337714784115,5
3,0,4,0,4,2,2,1,0,1,2,1,1,0,0,0,0,1,0,0,1,0,1,0,0,740.1472329039015,2
3,1,4,0,1,4,2,3,0,1,2,0,1,1,0,0,0,1,0,0,1,0,0,1,0,782.7240200712519,2
3,1,4,0,0,1,1,0,1,0,2,1,0,0,0,1,0,1,0,0,1,0,0,1,0,663.3542827604765,3
3,0,2,0,2,3,2,2,1,1,2,1,0,1,0,0,0,1,0,0,1,0,0,1,0,696.6591532160321,3
1,0,2,1,0,0,2,3,3,4,0,0,0,1,0,1,0,1,0,0,0,0,0,0,0,662.1774818782844,3
3,2,2,0,2,4,2,3,1,1,2,0,0,0,0,1,0,1,0,0,1,0,0,1,0,696.9063440039617,3
3,0,2,0,2,2,2,1,2,1,2,0,0,1,0,0,0,1,0,0,1,0,0,1,0,686.03660850453,3
0,1,2,0,0,0,1,1,2,1,2,0,0,0,0,0,0,1,0,0,1,0,0,1,1,339.61640347146323,6
1,0,2,0,3,1,1,0,0,0,2,0,0,0,0,0,0,1,0,0,1,0,0,1,0,724.1536397948212,2
3,1,2,1,0,3,1,3,1,0,2,0,0,1,0,0,0,1,0,1,0,0,0,1,0,750.982633724426,2
1,1,4,0,0,4,0,3,0,1,2,1,0,1,0,0,0,1,0,0,1,0,0,1,1,401.8119886238946,6
0,0,0,0,0,4,2,2,2,1,2,1,1,0,0,1,0,1,0,1,0,0,0,1,1,309.5698654322288,6
3,0,2,0,0,2,1,0,0,0,2,0,0,1,0,0,0,1,0,0,1,0,0,1,0,740.2790317169677,2
1,1,3,0,0,0,1,1,1,1,2,0,0,1,0,0,0,1,0,0,1,0,0,0,1,367.0265097333422,6
1,0,2,0,0,2,2,1,0,1,2,0,0,0,1,0,0,0,0,0,1,0,0,1,0,748.785555339914,2
0,1,3,0,0,1,2,0,1,0,2,1,0,0,0,0,0,1,0,0,1,0,0,1,1,552.2627060371724,4
3,1,1,2,4,0,1,0,0,3,0,0,0,1,0,0,1,1,0,0,1,0,0,0,1,370.5756972132618,6
0,0,2,0,0,2,0,0,2,2,2,0,0,0,0,0,0,1,0,0,1,0,0,1,0,649.4434065897948,3
0,0,4,0,2,4,2,3,2,2,2,1,0,0,0,0,0,1,0,0,1,0,0,1,0,658.5250471801435,3
3,0,2,0,0,3,2,1,2,1,2,1,1,1,0,0,0,1,0,1,0,0,0,0,0,716.2529934061588,2
0,1,4,0,0,4,2,3,0,4,2,1,0,0,0,1,0,1,0,0,1,0,0,1,0,614.1292559307697,3
3,2,3,2,0,1,0,0,2,0,2,1,0,0,0,0,0,1,0,0,1,0,0,1,1,374.4001716682528,6
1,2,3,1,0,2,0,1,0,0,1,1,0,1,0,0,0,1,0,0,1,0,0,0,1,319.1010434478513,6
0,1,1,0,4,2,2,1,1,1,2,1,1,0,0,1,0,1,0,0,1,0,1,0,1,321.79531123558894,6
3,1,4,0,3,2,2,3,0,2,2,0,0,1,0,0,0,1,0,0,1,0,0,1,0,769.250262242449,2
1,1,4,0,0,4,2,3,2,1,0,0,1,1,0,1,0,1,0,0,1,0,0,1,1,467.6095809563765,5
3,0,4,0,0,2,2,1,1,1,2,1,0,0,0,0,0,1,0,0,1,0,0,1,0,778.9835190398217,2
1,0,1,1,0,4,1,3,3,4,0,0,1,1,0,0,1,1,0,0,0,0,0,0,1,355.7121579029016,6
1,0,4,0,0,0,2,2,2,4,2,2,0,1,0,1,0,1,0,0,0,1,0,0,0,666.8035838054675,3
0,0,2,0,1,3,3,0,1,0,2,0,0,0,0,0,0,1,0,0,1,0,0,1,1,357.6427493241845,6
1,1,0,0,0,2,1,3,2,1,0,1,0,1,0,0,0,1,0,0,1,0,0,1,0,584.362025919557,4
3,1,2,1,3,2,2,2,1,3,2,2,0,1,0,0,0,1,0,0,1,0,0,0,1,372.1881072641482,6
1,3,0,0,1,3,2,3,3,1,2,0,1,0,0,0,0,1,0,0,0,0,1,0,1,345.9307195211059,6
1,1,2,1,0,2,2,1,2,1,2,0,1,1,0,0,0,1,0,0,1,0,0,1,1,389.0843762511544,6
3,0,2,0,0,3,3,1,0,0,2,0,0,0,0,0,0,1,0,1,0,0,0,1,0,720.4213035711066,2
1,3,2,0,1,2,2,3,1,0,2,0,0,0,0,0,0,0,0,1,0,0,0,1,1,340.375744212178,6
1,0,4,0,0,4,1,2,2,1,2,1,0,1,0,0,0,1,0,0,1,0,0,0,1,408.5583446258776,5
3,0,4,0,0,2,1,0,2,0,2,1,0,1,0,0,0,1,0,0,1,0,0,1,0,787.5552373874126,2
1,0,2,0,1,1,1,3,2,0,0,3,0,0,0,0,0,1,0,1,0,0,0,1,1,320.6274708338872,6
1,1,2,0,4,4,2,3,3,1,0,0,0,1,0,0,1,1,0,0,0,0,0,1,0,669.183414996061,3
1,1,3,1,0,4,0,2,3,1,2,0,0,1,0,0,0,1,0,0,1,0,0,0,1,481.1059721159555,5
3,0,4,0,2,4,2,1,2,2,2,1,0,1,0,0,0,1,0,0,1,0,0,1,0,712.1964076533732,3
0,0,2,0,0,2,3,2,0,0,2,0,0,0,0,1,0,1,0,0,1,0,1,0,0,578.2463391278554,4
3,1,3,1,0,3,2,3,2,0,2,1,0,0,0,0,0,1,0,0,1,0,0,1,0,717.2012079840622,2
0,0,2,0,0,3,3,3,1,0,2,0,0,0,0,0,0,1,0,1,0,0,0,1,1,374.04010165828726,6
3,0,4,0,0,4,2,0,0,1,2,1,1,0,0,1,0,1,0,0,1,0,1,0,0,727.5301087231308,2
0,1,4,2,0,4,2,3,3,1,2,2,1,1,0,0,1,1,0,0,0,0,0,0,0,606.6564452042728,4
3,0,4,0,0,4,2,3,0,2,2,2,0,1,0,0,0,1,0,0,1,0,0,1,0,789.6601975523021,2
1,0,4,0,0,3,2,2,1,0,2,0,0,0,0,0,0,1,0,0,1,0,0,1,0,670.7816490417777,3
0,1,2,1,0,2,3,1,2,0,1,0,0,0,0,0,0,1,0,0,1,0,1,0,0,502.8597417397468,5
3,0,2,0,3,3,2,1,1,3,2,0,0,0,1,0,1,1,0,0,1,0,0,1,0,784.4668206252638,2
3,0,4,0,4,2,2,1,0,1,2,1,1,0,0,0,0,1,0,0,1,0,0,1,0,760.9234794080194,2
3,2,2,0,4,4,1,3,0,2,2,0,0,1,0,0,0,1,0,0,1,0,1,0,0,774.0917531411766,2
0,1,0,1,0,0,2,3,1,2,1,1,0,1,0,0,0,1,0,0,1,0,0,1,1,334.6135779660957,6
2,1,3,0,0,4,2,3,0,4,2,0,0,1,0,0,0,1,0,0,1,0,0,0,1,775.8983250631865,2
3,2,4,0,4,4,2,1,2,2,2,0,0,1,0,0,0,1,0,0,1,0,0,1,0,788.8075557299837,2
1,0,4,0,4,3,1,2,1,1,2,1,0,0,0,0,0,1,0,0,1,0,1,0,0,627.0007982137917,3
0,1,0,0,0,3,2,0,1,1,0,0,0,1,0,0,0,1,0,0,1,0,0,1,0,649.1539307628339,3
2,2,2,1,0,2,2,1,0,0,2,0,0,1,0,0,0,1,0,0,1,0,0,1,0,592.2573613388512,4
0,1,2,0,0,2,0,1,0,0,2,0,0,0,0,0,0,1,0,1,0,0,1,0,0,380.8341296326197,6
3,0,2,0,0,2,1,3,2,4,2,0,0,1,0,1,0,1,0,0,1,0,0,1,0,788.4257269448108,2
1,0,2,0,0,1,3,0,0,0,0,0,0,0,0,0,0,0,0,0,1,0,1,0,0,715.9496970659941,2
0,0,2,0,4,2,1,3,1,0,0,0,0,1,0,0,0,1,0,1,0,0,0,1,0,352.4491229383601,6
3,0,2,0,0,2,2,1,0,0,0,1,0,0,0,0,0,1,0,0,1,0,0,1,0,681.2115862407471,3
3,1,3,0,4,2,2,3,0,1,2,1,1,1,0,0,0,1,0,0,1,0,0,1,0,740.2238460931919,2
3,0,2,1,0,2,2,1,2,0,2,0,0,1,0,0,1,1,0,0,1,0,0,1,0,682.2490159099018,3
3,2,0,0,0,2,2,1,2,0,2,1,0,0,0,0,0,1,0,0,1,0,0,1,0,630.8884753968752,3
1,3,2,2,3,3,2,1,3,0,0,1,0,1,0,0,0,0,1,0,1,0,0,1,1,358.9647733668037,6
0,0,2,2,0,4,2,3,3,3,2,0,0,1,0,0,0,1,0,0,0,0,0,0,1,345.78162267929696,6
3,0,2,0,0,3,2,1,2,0,2,0,0,0,0,0,0,1,0,0,1,0,0,1,1,485.7244059678828,5
0,1,2,0,0,1,2,0,3,0,0,0,0,0,0,0,0,1,0,0,0,0,0,1,0,635.0349116185864,3
2,2,2,1,0,2,2,1,2,0,2,0,0,0,0,0,0,1,0,0,1,0,0,1,1,436.1828506658926,5
3,0,2,0,2,4,2,3,3,2,2,0,0,0,0,1,0,1,0,0,0,0,1,0,0,667.1325294049984,3
3,0,2,0,1,3,2,0,3,1,2,0,0,0,0,0,0,1,0,0,1,0,0,1,0,703.5313525392494,3
1,1,2,0,0,2,3,1,0,0,2,0,0,0,0,0,0,0,0,0,1,0,1,0,0,694.726500879977,3
3,0,4,0,0,3,2,0,0,2,2,2,1,0,0,0,0,1,0,0,1,0,1,0,0,777.9049438670461,2
0,1,2,0,0,0,2,1,2,0,1,0,1,0,0,0,0,1,0,0,1,0,0,0,1,389.6636484588341,6
1,0,2,3,4,0,2,1,1,0,2,0,0,1,0,1,0,1,0,0,1,1,0,0,1,332.63156321223994,6
1,1,2,0,1,4,0,1,2,3,0,1,0,0,0,0,0,1,0,1,0,0,1,0,1,449.3935920755042,5
3,0,4,0,0,2,1,1,1,1,2,1,0,0,0,0,0,1,0,0,1,0,0,1,0,779.0782857522706,2
0,1,2,0,0,4,2,2,1,1,2,0,1,0,0,0,0,0,0,0,1,0,0,1,0,633.6636741520299,3
0,1,2,0,4,4,1,1,2,0,0,0,0,0,0,1,0,1,0,0,1,0,0,1,1,341.9380033508286,6
3,0,2,0,0,3,2,1,1,2,2,0,1,0,0,0,0,1,0,0,1,0,0,1,0,708.3724837408633,3
0,3,0,1,0,4,2,3,3,0,2,1,1,0,0,0,1,1,0,0,0,0,0,1,1,318.80972432473607,6
3,0,4,0,0,2,1,1,0,0,2,1,0,0,0,0,0,1,0,0,1,0,0,1,0,721.5537292096303,2
3,0,1,0,2,2,1,2,0,1,2,0,1,0,0,0,0,1,0,0,1,0,1,0,0,626.6989471098692,3
3,1,2,0,0,3,2,0,0,0,2,0,0,1,0,0,0,1,0,0,1,0,0,1,0,676.4881077262787,3
3,0,4,0,0,4,2,3,0,2,2,2,0,0,0,0,0,1,0,0,1,0,0,1,0,787.3628838501966,2
3,0,0,0,1,2,2,0,3,1,0,0,0,0,1,1,0,1,0,1,0,0,0,1,0,579.2081481351736,4
2,1,2,0,0,2,2,1,0,0,2,0,0,0,0,0,0,1,0,0,1,0,0,1,0,658.3881707005119,3
3,1,2,0,0,0,1,3,0,0,2,0,0,0,0,0,0,0,1,1,0,0,0,1,1,336.3071941589604,6
0,0,4,0,3,3,1,3,0,1,2,1,0,1,0,1,0,1,0,0,1,0,1,0,0,744.2408337384447,2
2,0,2,0,0,2,1,1,2,2,2,0,0,0,0,0,0,1,0,0,1,0,1,0,0,659.2953027645143,3
1,1,2,0,0,2,1,1,3,0,0,0,0,0,0,1,0,0,0,0,1,0,0,1,1,336.707767882076,6
3,1,3,1,1,2,2,2,1,1,2,1,0,0,0,0,0,1,0,0,1,0,0,1,0,683.972898296634,3
1,0,2,0,4,3,2,0,2,0,2,0,0,1,0,0,0,1,0,0,1,0,0,1,0,594.3255405207216,4
1,4,3,1,4,2,2,0,0,0,2,0,0,0,0,0,0,1,0,0,1,0,1,0,0,691.1510152427118,3
3,1,4,0,0,2,2,1,0,1,2,1,0,0,0,0,0,1,0,0,1,0,1,0,0,750.1016424846489,2
0,0,1,0,0,2,0,0,3,0,2,0,0,0,0,0,0,1,0,0,0,0,0,1,1,352.4704613177579,6
3,0,2,0,1,1,1,3,2,0,2,0,0,1,0,0,1,1,0,0,1,0,0,1,0,715.7996577328898,2
3,0,4,0,1,0,1,3,0,3,2,2,0,0,0,0,0,1,0,0,1,0,1,0,0,605.0479392064705,4
0,0,2,0,0,2,2,1,0,0,2,0,0,0,0,0,0,1,0,0,1,0,0,1,0,587.6695285008498,4
0,1,2,0,0,4,1,3,2,3,2,0,0,0,0,0,0,1,0,0,1,0,0,1,0,558.5147310770774,4
0,1,4,1,0,4,2,3,3,1,2,2,0,1,0,1,0,1,0,0,0,0,0,0,0,627.75766508529,3
3,0,4,0,0,4,1,3,3,3,0,2,0,0,0,0,0,1,0,0,0,0,1,0,0,673.1048374039581,3
3,0,4,0,0,4,2,3,0,1,2,1,1,0,1,1,0,1,0,0,1,0,1,0,0,758.4435571707886,2
1,0,2,0,0,4,2,2,2,1,2,0,1,0,0,0,0,1,0,0,1,0,0,1,1,493.48705841697154,5
3,2,4,1,4,4,2,3,0,1,2,1,0,0,0,0,0,1,0,0,1,0,0,1,0,792.6717883813692,2
3,1,2,0,0,1,1,2,2,1,1,0,0,1,0,0,0,1,0,0,1,0,0,1,0,602.9200664408693,4
0,0,2,2,0,4,0,3,1,2,2,0,0,1,1,1,0,1,0,0,1,0,0,0,1,343.34340173854935,6
3,1,2,0,4,4,2,1,2,0,2,1,0,0,0,0,0,1,0,0,1,0,0,1,0,661.9748951939061,3
3,1,2,0,4,3,2,2,1,1,2,0,0,0,1,1,0,1,0,0,1,0,0,1,0,717.0537315308254,2
3,0,4,0,2,3,1,3,2,1,2,0,0,1,0,0,0,1,0,1,0,0,0,1,0,776.0594537722728,2
1,3,1,3,4,0,2,3,3,1,2,0,0,1,0,1,0,0,1,0,0,0,0,0,0,629.055365131754,3
1,3,2,0,0,3,2,3,0,0,2,1,0,0,0,0,0,1,0,0,1,0,0,1,1,357.0826651682822,6
0,1,2,3,0,1,0,0,3,1,2,0,0,1,0,0,0,1,0,0,1,0,1,0,1,328.62154906827726,6
3,0,2,0,0,2,2,1,0,1,2,0,1,0,0,0,0,1,0,0,1,0,0,1,0,765.4175653934767,2
3,1,4,0,0,2,1,1,2,0,2,1,0,0,0,0,0,1,0,0,1,0,0,1,0,723.6907755725833,2
0,0,2,0,4,4,0,3,1,2,2,0,0,1,0,0,0,1,0,0,1,0,1,0,0,670.1981240905654,3
3,0,2,1,0,1,1,3,1,1,2,0,0,0,0,0,0,1,0,0,1,0,0,1,1,383.8280960420846,6
3,1,2,0,1,2,2,3,2,0,2,0,0,1,0,0,0,1,0,1,0,0,0,0,0,645.4749362970651,3
3,0,4,0,3,4,2,3,3,0,2,1,0,1,0,0,1,1,0,1,0,0,0,1,0,696.3439698080144,3
3,0,2,0,0,2,2,1,0,2,2,0,0,0,0,0,0,1,0,0,1,0,0,1,0,791.7333605578701,2
2,1,1,0,4,3,2,3,2,2,0,0,0,0,0,0,0,1,0,0,1,0,1,0,0,770.1329369830348,2
3,0,4,0,4,4,2,3,1,3,2,0,0,0,0,0,0,1,0,0,1,0,0,1,0,763.4637162349145,2
1,1,4,1,1,1,0,1,2,1,2,0,0,1,0,1,0,1,0,0,1,0,0,1,0,652.3167121441661,3
0,3,2,2,0,1,1,0,0,1,2,0,0,1,0,1,0,1,0,0,1,0,1,0,0,595.8111730778885,4
0,3,2,1,0,3,2,2,1,0,2,0,1,0,0,0,1,1,0,0,1,0,0,1,0,624.8495471326316,3
1,3,3,2,1,0,2,3,3,1,2,0,0,1,0,0,0,1,0,0,0,0,0,0,0,674.9652931966257,3
1,0,2,0,0,2,1,3,0,2,2,1,0,1,0,0,0,0,0,0,1,0,0,1,0,709.9488013538578,3
0,1,3,0,0,1,3,3,0,2,1,0,0,0,0,0,0,1,0,0,1,0,0,1,1,374.6281586126557,6
3,0,2,0,0,2,3,1,0,0,2,0,0,1,1,0,0,1,0,0,1,0,0,1,0,777.0527856167005,2
1,2,2,2,0,1,3,3,2,0,2,0,0,1,0,0,1,1,0,1,0,0,0,0,1,363.6178795378615,6
0,1,4,1,0,4,1,3,3,2,2,1,1,1,0,0,1,1,0,0,0,0,0,0,0,651.0096126500562,3
2,2,4,1,0,4,2,3,3,3,2,0,0,0,0,0,1,1,0,0,0,0,0,1,0,726.5562509756999,2
3,3,4,2,4,4,0,1,2,2,0,1,1,0,0,0,0,1,0,0,1,0,0,0,0,563.2750058385411,4
1,3,2,2,0,1,1,1,2,0,2,0,0,1,0,0,0,1,0,0,1,0,0,1,1,322.77814394897774,6
3,0,2,1,4,1,1,3,2,0,2,0,0,0,0,0,1,1,0,1,0,0,0,1,0,573.0478683291684,4
3,0,2,0,4,4,2,1,1,2,2,0,0,0,1,1,0,0,1,0,1,0,1,0,0,761.2025596716214,2
3,1,2,0,0,2,2,3,0,2,2,0,0,1,0,0,0,1,0,0,1,0,0,1,0,762.8326533518372,2
1,1,4,0,3,3,2,1,2,1,2,1,0,1,0,0,0,1,0,0,1,0,0,1,0,728.6393016323486,2
3,0,2,0,0,0,1,3,0,3,2,0,0,1,0,1,0,1,0,0,1,1,0,0,0,687.3728914066487,3
1,2,0,0,0,2,1,0,2,2,2,0,0,1,0,0,0,1,0,0,1,0,0,1,1,392.7053380271424,6
2,1,4,0,4,3,2,1,0,1,0,1,1,0,0,1,0,1,0,0,1,0,1,0,1,358.0942051482504,6
0,0,4,0,0,3,2,2,1,2,2,1,0,1,0,1,0,0,1,0,1,0,0,1,0,641.8459827593542,3
3,3,4,2,2,2,2,1,3,2,0,0,0,0,0,1,0,1,0,0,0,0,0,1,1,364.9083351944234,6
3,0,2,0,3,2,0,1,0,1,2,0,0,0,0,0,0,1,0,0,1,0,0,1,0,734.4621399525646,2
3,1,2,1,4,3,1,3,1,0,1,0,0,0,0,0,1,1,0,1,0,0,1,0,0,780.4544164815694,2
0,0,2,0,1,1,3,2,3,1,2,0,0,1,0,0,0,1,0,0,1,0,1,0,1,493.76660995915097,5
1,0,2,0,0,2,1,3,0,0,2,0,0,0,0,0,0,1,0,0,1,0,0,1,1,433.4136048445996,5
1,0,2,0,0,2,3,3,0,0,2,0,0,0,0,1,0,1,0,1,0,0,1,0,0,607.5363389512142,4
1,3,2,1,4,0,2,3,3,1,0,0,0,1,0,0,0,1,0,0,0,1,0,0,0,669.1316112766538,3
3,1,2,1,1,2,2,0,2,0,1,0,0,0,0,0,0,1,0,0,1,0,0,1,0,720.5898500075206,2
2,1,2,0,0,1,1,3,2,0,2,0,0,0,0,0,0,1,0,0,1,0,0,1,0,505.5000909223347,5
1,0,2,0,0,3,3,2,2,0,0,0,0,0,0,1,0,1,0,0,1,0,1,0,1,341.33895774946427,6
2,0,2,0,4,1,2,1,0,0,2,0,1,0,1,1,0,1,0,0,1,0,1,0,0,677.5063266786366,3
0,2,1,0,0,4,2,3,2,1,0,0,0,0,0,0,0,1,0,0,1,0,0,1,1,323.94736355456536,6
0,0,2,0,0,2,2,2,1,1,2,0,1,0,0,0,0,0,0,0,1,0,1,0,0,743.90631534405,2
1,1,2,1,4,2,1,3,1,2,2,0,0,1,0,0,0,1,0,0,1,0,1,0,0,639.6785730835555,3
3,0,4,0,0,2,2,1,2,1,2,1,0,0,0,0,0,1,0,0,1,0,0,1,0,765.6843614090715,2
0,0,3,0,0,4,1,3,1,0,2,1,0,0,0,0,0,1,0,0,1,0,1,0,0,685.3269984117396,3
1,1,4,1,0,0,3,1,2,0,2,1,0,0,0,1,0,1,0,0,1,0,0,0,1,336.5715843970821,6
0,1,2,0,0,1,0,2,1,1,2,0,0,0,0,0,0,1,0,0,1,0,0,1,1,343.55763378551507,6
0,1,2,0,0,3,2,0,3,1,2,0,0,1,0,0,1,1,0,0,0,0,0,0,0,678.9130304019675,3
0,1,2,0,3,2,2,1,2,0,2,0,0,0,0,0,0,1,0,0,1,0,0,1,0,633.5724818140577,3
3,1,4,0,0,2,1,2,0,1,2,1,0,0,0,1,0,1,0,0,1,0,0,1,0,721.0281255720637,2
0,0,4,0,0,3,2,3,0,1,2,1,0,0,1,1,0,1,0,0,1,0,1,0,0,710.4029516157883,3
3,0,4,1,4,4,2,3,1,2,2,0,0,1,0,0,0,1,0,1,0,0,0,1,0,776.0450053968249,2
3,1,2,0,3,3,1,2,2,1,2,0,1,1,0,1,0,1,0,0,1,0,0,1,0,766.8425774941488,2
2,2,2,1,0,4,2,1,2,1,2,0,0,0,0,0,0,1,0,0,1,0,0,1,0,558.6835560975665,4
1,0,2,0,0,4,2,3,2,0,2,0,1,0,0,0,0,1,0,0,1,0,0,1,0,628.6539618488688,3
0,1,4,1,0,0,2,3,3,4,2,1,0,1,0,0,1,1,0,0,0,0,0,0,0,746.7170774399656,2
3,1,4,0,1,2,1,1,0,0,2,1,0,0,0,0,0,1,0,0,1,0,0,1,1,408.4116063112962,5
1,4,2,1,1,1,1,1,1,0,2,0,0,0,0,1,0,1,0,0,1,0,0,0,1,333.55040214786425,6
3,3,4,3,1,2,1,3,2,0,0,1,0,0,0,0,1,1,0,1,0,0,1,0,1,330.34289409143497,6
0,1,0,1,0,4,2,3,3,0,0,1,1,0,0,0,0,1,0,1,0,0,0,1,1,320.55404163506915,6
0,0,4,0,0,2,0,3,0,2,2,0,0,1,0,0,0,1,0,1,0,0,0,0,1,392.31327366301394,6
1,0,2,0,0,1,1,3,1,0,2,0,0,0,0,0,0,0,0,0,1,0,1,0,0,655.4061608318984,3
0,0,2,0,4,2,1,1,2,0,2,0,0,0,0,0,0,1,0,1,0,0,0,1,1,355.2602567898614,6
0,1,2,1,0,2,2,3,1,0,2,0,0,0,0,0,0,1,0,0,1,0,0,1,0,607.4059322631964,4
1,0,2,0,0,2,0,1,2,1,2,0,0,0,0,0,0,1,0,0,1,0,1,0,0,570.5748296170566,4
1,1,4,1,0,1,1,3,3,0,2,1,0,1,0,0,0,1,0,0,0,0,0,1,0,611.960858187486,3
0,1,2,0,0,3,1,3,2,0,2,0,0,0,0,0,0,1,0,1,0,0,1,0,0,576.6972527788175,4
1,1,2,0,2,1,3,2,0,0,2,0,0,0,0,0,0,1,0,1,0,0,0,1,0,593.1637186394263,4
1,1,2,1,0,4,2,0,0,1,0,0,0,1,0,0,0,0,1,0,1,0,0,0,0,703.0774856346547,3
2,0,2,1,0,1,2,0,1,1,2,0,1,0,0,1,0,0,0,0,1,0,1,0,0,664.6928164863443,3
3,0,4,0,0,2,1,1,2,2,2,0,0,0,0,0,0,1,0,0,1,0,1,0,0,743.9279249756457,2
1,0,4,0,0,1,2,3,0,0,2,1,0,0,0,0,0,0,0,0,1,0,0,1,0,680.5271659276937,3
1,1,2,0,2,0,1,3,3,0,2,0,0,0,0,0,0,1,0,1,0,1,0,0,0,609.5691159524206,4
3,0,3,0,1,2,2,1,0,1,2,1,0,0,0,0,0,1,0,0,1,0,1,0,0,689.0209354454962,3
1,0,4,0,3,4,2,2,3,1,2,1,1,0,0,0,0,1,0,0,0,0,0,1,1,356.3744685748758,6
3,0,2,0,0,1,1,3,0,0,2,0,0,1,0,0,0,1,0,1,0,0,0,1,0,681.4137970919187,3
1,0,2,0,0,2,1,1,2,0,2,0,0,0,1,0,0,1,0,0,1,0,0,1,1,491.5535133270141,5
3,1,4,0,4,0,2,3,3,1,2,0,0,1,0,0,1,1,0,0,1,0,0,0,0,775.2143540991774,2
0,0,0,1,0,2,2,1,1,0,2,1,0,1,0,0,0,1,0,1,0,0,0,1,1,329.27555294657844,6
3,0,2,0,2,4,2,3,3,2,2,0,0,1,0,0,0,1,0,0,0,0,0,1,0,739.5914206978963,2
1,1,2,0,0,1,2,1,0,0,1,0,0,0,0,1,0,1,0,0,1,0,1,0,1,411.2034377284053,5
3,0,4,0,4,4,2,3,0,2,2,0,0,1,0,0,0,0,1,0,1,0,0,1,0,792.1113896304121,2
3,2,3,1,0,2,2,1,2,0,2,1,0,1,0,0,0,1,0,0,1,0,0,0,1,385.4924372640093,6
3,0,2,0,0,2,3,1,0,0,2,0,0,0,0,0,0,1,0,0,1,0,0,1,0,738.5835789875781,2
0,1,2,0,0,3,1,3,0,0,2,0,0,0,0,0,0,1,0,1,0,0,0,1,1,368.5995091845159,6
1,1,2,0,4,2,2,3,3,3,2,0,0,0,0,0,0,1,0,0,0,0,0,1,0,616.5695362552756,3
2,0,2,0,4,4,2,2,2,1,2,0,0,0,0,0,0,1,0,0,1,0,0,0,0,671.1390503317917,3
2,0,3,0,0,2,1,1,2,1,1,1,0,1,0,1,0,1,0,0,1,0,0,1,0,698.3847178351725,3
3,0,2,0,0,2,3,1,1,0,2,0,0,0,0,0,0,1,0,1,0,0,0,1,0,635.8459416898061,3
0,1,2,0,0,0,2,0,2,0,2,0,0,0,0,0,0,1,0,0,1,1,0,0,1,400.1136838650722,6
3,0,2,0,0,3,2,3,2,1,2,0,0,1,0,0,0,1,0,0,1,0,0,1,0,744.9047845763957,2
3,1,4,0,0,3,2,0,2,0,2,1,0,0,0,0,1,1,0,0,1,0,0,1,0,792.5145323886011,2
0,1,2,0,0,1,1,3,2,0,2,0,0,0,0,0,0,1,0,1,0,0,0,1,0,511.0705488973977,4
0,2,2,0,0,4,2,1,2,2,2,0,1,0,0,0,0,1,0,0,1,0,0,1,1,382.0101611645914,6
1,1,2,0,0,3,1,3,0,1,2,0,0,0,0,0,0,1,0,1,0,0,0,1,0,564.0815739199445,4
3,2,2,0,4,2,2,3,0,1,2,0,0,0,0,1,0,1,0,0,1,0,0,1,0,675.7662240702073,3
3,1,4,1,0,4,2,3,2,1,2,1,0,1,0,0,0,1,0,0,1,0,0,1,0,774.2575231369592,2
3,0,4,0,0,1,1,2,0,0,2,1,0,0,0,0,0,1,0,1,0,0,0,1,0,659.6229812323229,3
3,4,4,3,4,4,2,3,3,3,0,0,0,1,0,1,0,1,0,0,0,0,0,0,0,644.6950511289836,3
1,4,1,4,1,4,1,3,3,3,0,1,0,1,0,0,0,1,0,0,0,0,0,0,1,324.3809028728043,6
0,3,1,2,0,3,1,3,2,1,2,0,0,0,0,0,0,0,0,1,0,0,0,1,1,337.29205283549413,6
3,1,3,0,0,0,3,2,0,1,2,1,0,0,0,0,0,1,0,0,1,0,0,1,0,702.6153709268488,3
3,0,3,0,4,4,2,3,3,1,2,0,0,0,0,0,0,1,0,0,0,0,0,1,0,655.7238955196096,3
1,2,2,3,0,4,2,1,3,3,2,0,0,1,0,1,0,1,0,0,0,0,0,0,1,329.17784273250624,6
3,0,4,0,1,2,1,3,2,2,2,1,0,0,0,1,0,1,0,0,1,0,1,0,0,680.5349311396412,3
0,1,2,0,4,3,2,3,2,1,2,0,0,1,0,0,0,1,0,0,1,0,0,1,0,623.7960010316946,3
1,1,2,3,0,0,1,3,3,1,2,0,0,1,0,0,1,1,0,0,0,0,0,0,1,375.8120234273798,6
3,1,2,0,4,3,1,3,1,0,2,0,0,0,0,1,0,1,0,1,0,0,0,1,0,596.9746048311431,4
2,0,2,0,0,1,2,0,0,0,2,0,0,0,0,1,0,1,0,0,1,0,0,1,0,681.6256114521326,3
3,1,3,1,1,2,2,1,1,0,2,1,0,0,0,0,0,1,0,0,1,0,1,0,0,599.9652756508431,4
3,1,4,0,0,2,1,0,2,0,2,1,0,0,0,0,0,1,0,0,1,0,0,1,0,769.3342339592059,2
3,1,2,0,4,1,1,1,0,0,2,0,0,1,0,0,0,1,0,1,0,0,0,1,0,636.6770048002224,3
1,1,4,1,0,0,2,3,1,1,1,1,0,1,0,0,0,1,0,0,1,0,0,0,0,693.59853740227,3
1,0,4,0,2,2,2,3,2,0,0,0,0,0,0,0,0,1,0,0,1,0,0,1,0,628.4564061904646,3
3,0,2,0,0,3,1,1,2,0,2,1,0,0,0,0,0,1,0,0,1,0,0,1,0,616.7344200989089,3
3,1,2,0,0,2,3,1,1,0,2,0,0,1,0,1,0,1,0,0,1,0,0,0,0,607.681772960679,4
1,0,2,0,3,1,1,3,0,0,2,0,0,0,0,0,0,1,0,1,0,0,1,0,0,673.8816449280569,3
0,2,2,0,0,3,2,3,3,1,0,0,1,1,0,1,0,1,0,0,0,0,0,0,0,572.0040263951294,4
0,0,4,0,0,3,1,3,2,1,2,0,0,0,0,0,0,1,0,0,1,0,0,1,0,665.3345480205451,3
3,0,4,0,0,0,2,2,2,1,2,0,0,0,0,0,0,1,0,0,1,0,0,0,0,720.4404931793674,2
1,2,3,3,1,3,2,2,3,1,2,0,0,1,0,0,0,1,0,1,0,0,0,1,0,620.09573824896,3
0,0,2,0,0,0,1,3,3,3,2,0,0,0,0,0,0,1,0,0,0,0,0,0,0,649.4807731115892,3
0,2,4,0,0,2,3,1,1,2,2,1,0,1,0,0,0,1,0,0,1,0,0,1,0,584.7185389839992,4
1,0,2,0,0,4,0,0,0,2,2,1,0,0,0,1,0,1,0,1,0,0,0,1,1,367.9824781427861,6
3,1,4,0,3,2,1,0,0,2,2,1,0,0,0,0,0,1,0,0,1,0,1,0,0,759.4603530961649,2
3,1,2,0,0,1,3,3,0,1,2,0,0,1,0,0,0,1,0,0,1,0,0,1,0,692.900880775378,3
1,1,4,0,4,2,3,3,0,0,0,1,0,0,0,0,0,1,0,0,1,0,0,1,0,678.3201354383629,3
3,1,3,2,0,1,2,1,2,0,0,1,0,1,0,0,0,1,0,0,1,0,0,1,1,364.1502041929066,6
3,0,3,0,0,2,2,1,2,0,2,1,0,0,0,1,0,1,0,0,1,0,1,0,0,681.1098370046842,3
1,1,3,0,4,4,2,3,2,2,2,0,1,0,0,1,0,1,0,0,1,0,0,1,0,684.7567729039865,3
1,1,2,0,0,1,3,0,1,0,2,0,0,1,0,0,0,1,0,0,1,0,0,1,1,418.13391153427006,5
3,1,4,0,4,3,2,3,2,2,2,1,1,1,0,0,1,1,0,0,1,0,0,1,0,810.1868627671149,2
0,0,2,0,0,1,3,1,0,0,2,0,0,0,1,0,0,1,0,0,1,0,0,1,0,628.0365883015045,3
3,1,2,0,2,4,0,1,2,0,2,0,0,1,0,0,0,1,0,0,1,0,0,0,0,675.9417127230631,3
2,0,4,0,2,3,3,1,0,0,2,2,0,1,0,1,0,1,0,0,1,0,0,1,1,369.04575619639695,6
1,1,2,0,0,4,1,3,2,0,2,0,0,1,0,0,0,1,0,0,1,0,0,1,0,663.9169966860255,3
3,2,4,1,0,3,2,1,2,1,2,1,0,1,0,0,1,1,0,0,1,0,0,0,0,803.3573359113284,2
3,0,4,0,0,0,2,1,2,2,1,1,0,1,0,0,0,1,0,0,1,0,0,0,1,388.8910540895642,6
3,0,2,0,2,2,2,1,3,1,2,0,1,0,1,1,0,1,0,1,0,0,1,0,0,649.8518258442041,3
0,1,2,0,4,2,1,1,1,1,2,0,0,0,0,1,0,1,0,0,1,0,0,1,1,322.811438927086,6
3,2,4,1,0,4,2,1,1,1,2,1,1,1,0,0,1,1,0,0,1,0,0,1,0,795.3604916885288,2
0,0,2,0,0,1,2,0,0,1,2,0,1,0,0,1,0,1,0,0,1,0,1,0,1,381.99010621411406,6
0,1,3,2,4,2,1,1,2,0,2,1,0,1,0,0,0,1,0,1,0,0,0,1,0,640.6485556547218,3
3,1,2,0,2,3,1,1,2,1,0,0,0,0,0,1,0,1,0,0,1,0,0,0,0,625.4725904980788,3
1,1,2,0,4,2,1,1,1,1,2,0,0,0,0,1,0,1,0,0,1,0,0,1,1,381.5141882789212,6
3,0,2,0,3,3,1,2,2,0,2,0,0,0,0,1,0,1,0,1,0,0,0,1,0,670.3319211790779,3
1,0,2,0,4,2,2,1,2,0,2,0,0,0,0,0,1,1,0,0,1,0,0,1,0,686.5925073718836,3
1,0,4,0,0,3,2,2,0,2,2,1,1,0,0,1,0,1,0,0,1,0,1,0,0,742.6698381642703,2
3,1,3,0,1,3,2,2,0,1,2,1,0,0,0,0,0,1,0,0,1,0,0,0,0,719.906946370284,2
1,0,2,0,4,4,1,1,1,0,0,0,0,1,0,0,0,1,0,0,1,0,0,1,1,374.40246931265136,6
1,1,2,0,0,2,3,2,2,0,2,0,0,1,0,0,1,1,0,1,0,0,0,1,0,561.9439495085402,4
3,1,4,0,0,4,2,1,2,0,2,1,0,0,0,0,0,1,0,0,1,0,0,1,0,719.5489726158917,2
3,1,4,0,3,2,2,2,0,2,2,1,0,0,0,0,0,1,0,0,1,0,0,1,0,738.2223894859328,2
3,0,2,0,0,4,2,3,2,0,2,0,0,0,0,0,0,1,0,0,1,0,0,1,0,684.6114325673545,3
0,1,4,0,0,0,1,3,3,3,2,2,1,0,0,0,0,1,0,0,0,1,0,0,1,618.7209519448243,3
3,0,2,0,0,3,2,3,0,4,2,0,0,0,0,0,0,1,0,0,1,0,1,0,0,779.3850214343202,2
1,1,2,3,0,2,2,2,2,0,0,1,0,1,0,0,0,0,1,0,1,0,0,0,1,349.146620860585,6
0,0,4,0,0,0,2,3,3,1,2,2,0,1,0,0,0,1,0,0,0,0,0,0,0,654.4030805174091,3
3,1,4,0,0,2,0,1,0,1,2,1,0,1,0,0,0,1,0,0,1,0,0,1,0,693.4481576142948,3
0,0,2,0,0,2,2,1,0,0,2,0,0,0,0,0,0,1,0,0,1,0,0,1,0,587.6695285008498,4
1,0,2,0,4,2,3,0,0,0,2,0,0,1,0,0,0,1,0,0,1,0,0,1,1,374.6956721804004,6
3,0,2,0,2,3,3,3,0,0,2,0,0,0,0,0,0,1,0,1,0,0,1,0,0,711.586049897713,3
3,1,4,0,3,4,1,3,0,1,2,1,0,1,0,1,0,1,0,0,1,0,0,1,0,711.5624719736305,3
0,2,4,0,0,0,2,3,2,4,2,1,0,0,0,0,0,0,1,0,1,1,0,0,0,702.6169215200512,3
2,0,1,0,0,1,1,0,0,0,2,0,0,0,0,0,0,1,0,0,1,1,0,0,1,575.9430795592752,4
3,0,2,0,0,4,2,3,2,1,2,0,0,1,0,1,0,1,0,0,1,0,0,0,0,712.9263862259631,3
0,0,2,0,0,2,1,2,1,0,2,0,0,0,0,0,0,0,1,0,1,0,0,1,0,647.3980949848254,3
1,1,3,0,0,2,2,2,2,0,0,1,0,1,0,0,0,1,0,0,1,0,0,1,0,628.5230389376129,3
3,0,2,0,0,4,2,3,2,1,0,0,1,0,0,0,0,1,0,0,1,0,1,0,1,394.695278481448,6
1,3,4,1,0,2,1,2,2,0,2,0,0,1,0,0,0,1,0,0,1,0,0,0,1,317.55259005749787,6
3,0,4,0,4,4,1,3,1,1,2,1,0,0,0,0,0,1,0,1,0,0,1,0,0,735.432933706221,2
0,2,2,0,0,1,1,3,2,1,2,0,0,1,0,1,0,1,0,0,1,0,0,1,1,338.8766810390043,6
1,0,2,0,0,2,2,1,0,1,2,0,0,0,0,0,0,0,0,0,1,0,0,1,0,728.351180992889,2
2,0,2,0,4,4,1,3,0,3,2,0,0,1,0,0,0,1,0,0,1,0,0,0,0,767.0405415340226,2
1,0,3,0,3,2,3,2,1,3,1,1,0,0,0,0,0,1,0,0,1,0,0,1,1,377.0357784875187,6
3,2,4,2,4,2,2,1,2,0,2,0,0,1,0,0,1,1,0,0,1,0,0,0,0,667.0651475613629,3
3,0,2,0,0,2,1,0,0,0,2,0,0,0,0,0,0,1,0,0,1,0,0,1,0,707.7127933995396,3
3,0,0,0,0,4,2,3,1,1,2,1,0,0,0,0,0,1,0,0,1,0,0,1,0,677.1834087302464,3
3,1,2,0,0,4,2,3,2,1,2,0,0,1,0,0,1,1,0,0,1,0,0,0,0,777.1850851184149,2
0,1,2,1,0,3,2,2,1,1,2,0,0,1,0,1,0,0,1,0,1,0,0,1,1,382.0756651060802,6
3,1,2,0,0,1,1,0,3,0,2,0,0,1,0,0,1,1,0,0,1,0,0,0,0,737.4251712538307,2
0,0,4,1,0,2,2,1,0,1,2,1,1,0,0,1,0,1,0,1,0,0,0,1,0,699.8782517209077,3
0,0,2,0,0,4,2,3,3,1,2,0,0,1,0,0,1,1,0,0,0,0,0,1,1,397.35384216722485,6
0,0,2,0,0,1,1,0,0,0,2,0,0,0,0,0,0,1,0,0,1,0,0,1,0,583.7946497515678,4
3,1,2,1,0,1,2,1,2,1,2,0,0,1,0,0,0,1,0,0,1,0,0,1,0,590.5803414973243,4
0,2,2,0,0,2,2,1,1,1,2,0,1,0,0,0,0,0,0,0,1,0,0,1,0,651.8679016247484,3
0,0,2,0,0,1,2,2,0,1,2,0,0,0,0,1,0,1,0,0,1,0,0,1,0,576.080490006088,4
1,0,2,0,0,1,1,0,0,1,2,0,0,0,0,0,0,1,0,1,0,0,0,0,0,553.4563360185709,4
1,0,2,0,4,4,2,3,1,1,2,1,0,0,0,0,0,1,0,0,1,0,0,1,0,660.7452044838573,3
3,1,2,0,0,3,2,0,2,1,1,1,0,1,0,0,0,1,0,0,1,0,0,1,0,672.9866650062795,3
0,1,2,0,0,2,2,3,3,3,0,0,1,1,0,0,1,0,0,0,1,0,0,1,0,726.3657963175151,2
0,1,3,0,0,1,1,1,2,0,2,0,0,1,0,0,0,1,0,1,0,0,1,0,1,353.0373281213301,6
3,3,3,1,4,4,2,2,2,1,0,1,1,0,0,0,0,1,0,0,1,0,0,1,0,679.7611084807829,3
3,2,3,0,0,2,1,1,2,0,2,1,0,1,0,0,0,1,0,0,1,0,0,1,0,539.8430343912041,4
3,1,3,1,0,3,2,2,2,1,2,1,0,1,0,0,1,1,0,0,1,0,1,0,0,811.9069584562681,2
1,1,2,0,1,1,3,1,2,0,2,0,0,1,0,0,0,1,0,1,0,0,0,1,1,346.84762364870267,6
0,0,2,0,0,1,1,3,1,0,2,0,0,0,0,0,0,1,0,0,1,0,0,1,1,367.198344640757,6
0,0,2,0,0,2,2,2,2,0,2,0,0,0,0,1,0,1,0,0,1,0,1,0,1,383.42150018799856,6
3,0,2,0,4,0,2,3,1,1,2,0,1,1,0,0,0,1,0,0,1,0,0,0,0,681.1051833470419,3
1,1,4,0,0,2,3,1,2,1,2,0,0,0,0,0,0,1,0,0,1,0,0,1,1,380.16253897311,6
0,1,0,0,0,1,1,3,1,0,2,0,0,0,0,0,0,1,0,1,0,0,0,1,1,323.43600635971325,6
3,2,2,0,2,2,2,3,2,0,2,0,0,0,0,0,1,1,0,0,1,0,0,1,0,739.653320094003,2
2,1,2,1,0,3,2,1,2,0,0,0,0,0,0,0,0,1,0,0,1,0,0,1,0,620.5004827313776,3
1,0,2,0,1,3,2,3,0,1,2,0,0,0,0,0,0,1,0,0,1,0,1,0,0,749.6928224868909,2
0,0,4,0,0,4,2,3,2,2,2,1,1,1,0,0,0,1,0,0,1,0,0,1,0,660.3145140454507,3
1,0,4,0,0,2,1,0,0,0,2,0,0,0,0,0,0,1,0,0,1,0,1,0,0,709.722344807012,3
1,1,2,0,0,1,2,0,1,0,2,0,0,0,0,1,0,1,0,0,1,0,0,1,0,626.6366687044087,3
0,1,2,0,3,4,1,3,1,3,2,1,0,1,0,0,0,1,0,1,0,0,0,1,0,630.108657098252,3
3,0,3,0,3,3,1,1,1,0,2,1,0,0,0,0,0,1,0,0,1,0,0,1,0,703.0964028078831,3
3,0,4,0,2,2,2,3,0,2,2,0,0,1,0,1,0,1,0,0,1,0,0,1,0,777.7152181295676,2
1,0,3,0,0,0,2,3,1,2,2,0,0,1,0,1,0,1,0,0,1,0,0,0,1,391.6168765993312,6
3,0,2,0,0,2,2,3,2,2,2,0,0,1,0,0,0,1,0,0,1,0,0,1,0,744.2675661112323,2
3,1,2,0,0,4,1,3,3,3,2,0,0,1,0,1,0,0,1,0,0,0,0,1,0,749.4780548835863,2
3,0,2,0,1,2,2,1,0,1,2,0,0,0,1,1,0,1,0,1,0,0,1,0,0,748.2072100438775,2
3,0,2,0,0,2,2,2,1,0,2,0,0,0,0,1,0,0,0,1,0,0,0,1,0,662.9224739804943,3
3,0,4,0,0,4,2,1,3,0,2,1,0,0,0,0,0,1,0,0,1,0,0,1,0,717.010751828838,2
1,1,0,2,0,4,1,3,3,2,2,1,0,1,0,0,0,1,0,0,0,0,0,0,1,308.67799038752764,6
3,0,4,0,1,2,1,0,1,0,2,1,0,0,0,0,0,1,0,0,1,0,0,1,0,754.8900617287718,2
1,0,2,0,4,4,2,3,1,1,2,0,0,0,0,0,0,1,0,0,1,0,0,1,0,669.5568856097191,3
0,0,4,0,0,2,2,1,0,1,2,1,1,0,1,1,0,1,0,1,0,0,1,0,0,695.7379966791415,3
0,1,2,0,4,2,3,3,2,0,2,0,0,0,0,0,0,1,0,0,1,0,0,1,1,403.3706799345169,6
1,2,2,2,1,1,2,0,3,0,2,0,0,1,0,0,0,0,1,1,0,0,0,0,1,339.40021139753605,6
3,1,4,0,0,3,2,2,1,1,2,1,0,0,0,0,0,1,0,0,1,0,0,1,0,783.6682480505531,2
1,1,2,0,0,4,3,1,0,1,2,0,0,0,0,0,0,0,0,0,1,0,1,0,0,736.3111589619889,2
2,0,4,0,1,4,0,3,2,0,2,1,1,1,0,1,0,1,0,0,1,0,0,1,0,694.6094247603074,3
0,1,2,0,0,1,1,0,1,0,2,0,0,0,0,1,0,1,0,0,1,0,0,1,1,378.3378719648179,6
0,2,2,1,0,4,2,3,3,2,2,0,1,0,0,0,1,1,0,0,0,0,0,1,0,556.3455255051691,4
2,0,2,0,1,4,0,3,0,2,2,0,0,0,0,0,0,1,0,0,1,0,0,1,0,713.0599684273404,3
1,1,4,0,1,1,2,3,3,1,0,1,1,0,0,0,0,1,0,0,1,0,0,1,1,363.88591240849775,6
0,1,2,0,0,1,1,3,1,0,2,0,0,0,0,1,0,1,0,1,0,0,0,1,1,366.36565055119786,6
3,0,2,0,4,2,2,3,1,0,2,0,0,0,0,1,0,0,0,0,1,0,1,0,1,389.3767472989048,6
2,0,4,0,2,2,2,1,2,1,2,0,0,1,0,0,1,1,0,0,1,0,0,1,0,755.3498624791187,2
1,0,1,1,1,0,2,1,1,1,2,0,1,1,0,1,0,1,0,0,1,0,0,0,1,328.5814285589598,6
3,1,2,0,0,2,3,1,1,0,2,0,0,0,0,0,0,1,0,0,1,0,0,1,0,647.1687600499914,3
3,2,2,2,1,4,2,1,2,2,2,0,0,1,0,0,1,1,0,0,1,0,0,0,0,692.3874967540517,3
0,0,2,0,0,3,2,1,0,0,2,0,0,0,0,1,0,1,0,0,1,0,0,1,1,358.0410880790459,6
3,2,2,1,0,2,2,1,3,1,2,0,0,1,0,0,1,1,0,0,0,0,0,0,0,710.6369539325337,3
2,0,2,0,0,3,2,3,1,0,2,0,0,1,0,0,0,1,0,1,0,0,0,1,0,748.1235466397645,2
1,0,3,0,0,2,3,3,0,0,2,1,0,0,0,0,0,0,1,1,0,0,0,1,0,497.9019003144349,5
3,1,2,0,4,1,2,0,1,3,2,0,0,0,0,1,0,1,0,0,1,0,0,1,0,739.7740736709524,2
0,0,4,0,0,3,1,2,1,1,2,1,0,0,1,1,0,1,0,0,1,0,0,1,0,595.38757371707,4
0,0,4,0,0,1,2,3,0,1,2,0,1,0,1,1,0,1,0,0,1,0,1,0,0,704.4546614129707,3
3,2,4,1,0,1,1,3,1,0,2,1,0,1,0,0,0,1,0,1,0,0,0,1,1,382.7529249638643,6
0,0,2,0,1,4,2,1,1,2,2,0,0,1,0,1,0,1,0,0,1,0,0,1,0,608.1204971899963,4
3,0,4,0,4,4,2,3,3,1,2,1,0,0,0,0,0,1,0,0,0,0,0,1,0,617.2168845290257,3
3,1,4,1,0,4,2,3,3,2,2,1,0,0,0,0,0,1,0,0,0,0,0,1,0,737.0495315921858,2
0,1,2,0,0,2,1,1,0,0,2,0,0,0,0,0,0,1,0,0,1,0,0,1,1,356.76832651237817,6
0,3,0,1,0,2,2,3,3,3,2,1,1,0,0,0,0,1,0,0,0,0,0,1,1,306.0177843520073,6
3,1,2,0,1,3,1,3,2,0,2,0,0,0,0,0,1,1,0,0,1,0,0,1,0,746.06742464331,2
1,1,2,0,0,2,1,3,0,0,2,0,1,0,0,0,0,0,0,0,1,0,1,0,0,612.5481423117515,3
1,1,2,2,0,1,2,2,2,0,2,1,0,0,0,0,1,1,0,0,1,0,0,1,0,619.5456081076079,3
3,0,4,0,1,2,1,2,2,1,2,0,0,0,0,0,0,1,0,0,1,0,0,1,0,736.498174265718,2
3,0,4,0,0,3,2,0,0,2,2,1,1,0,0,0,0,1,0,0,1,0,1,0,0,787.0128165458235,2
0,2,2,0,0,2,0,3,2,1,2,0,0,0,0,0,0,1,0,1,0,0,0,1,1,330.43045595945534,6
0,0,2,0,0,1,2,3,0,1,2,0,1,1,0,1,0,1,0,0,1,0,1,0,0,564.4802537782994,4
1,2,2,0,0,3,2,0,2,1,2,1,1,0,0,0,0,1,0,0,1,0,0,1,0,636.232450415898,3
1,0,2,0,1,2,1,3,2,0,2,1,0,1,0,1,0,1,0,1,0,0,0,1,1,374.2784802781228,6
3,0,3,0,0,2,3,3,0,1,2,0,0,0,0,0,1,1,0,1,0,0,0,1,0,775.0275965337653,2
3,1,2,0,1,3,3,2,1,0,2,0,0,1,0,0,0,1,0,0,1,0,0,1,0,715.4918214131887,2
3,1,2,0,4,1,2,1,2,0,2,1,0,0,0,0,0,1,0,0,1,0,0,1,0,647.7342293492995,3
2,1,4,0,0,1,0,0,2,1,2,0,0,0,0,0,0,1,0,1,0,0,0,1,1,362.6989672522024,6
0,0,2,0,4,0,1,2,1,4,2,0,0,1,0,1,0,1,0,0,1,0,0,0,0,632.9921496581492,3
1,1,4,0,0,4,1,3,1,1,2,0,0,1,0,0,0,1,0,0,1,0,0,1,0,602.4089795143959,4
0,3,2,2,0,4,2,3,3,2,0,0,0,0,0,1,0,1,0,0,0,0,0,0,1,320.20308707806663,6
2,1,2,0,0,1,1,0,1,2,1,0,0,0,0,0,0,1,0,0,1,0,1,0,0,682.224785762384,3
1,0,2,0,0,1,3,0,0,0,2,0,0,0,0,0,0,1,0,1,0,0,0,1,1,403.5566269829674,6
3,1,3,0,0,4,2,3,3,3,2,1,0,1,0,1,0,1,0,0,0,0,0,1,0,715.995932478,2
0,1,2,1,4,4,2,3,1,1,2,0,0,0,0,0,0,1,0,0,1,0,0,1,1,623.8404794154867,3
2,1,2,0,0,2,2,0,0,1,2,0,1,0,0,0,0,1,0,0,1,0,1,0,1,691.4698324375338,3
3,0,4,0,0,4,2,3,0,3,2,1,0,0,0,1,0,1,0,0,1,0,1,0,0,749.5387918720246,2
0,1,3,0,0,0,2,1,0,2,2,1,1,0,0,1,0,1,0,0,0,0,0,1,1,363.6119373861612,6
3,1,4,0,0,2,1,3,2,1,2,0,0,1,0,1,0,1,0,0,1,0,0,1,0,785.0899197832161,2
3,1,2,0,0,3,2,0,2,1,0,0,1,0,0,0,0,1,0,0,1,0,0,1,0,663.6911165443421,3
0,0,1,0,0,2,1,3,0,0,0,0,0,0,0,0,0,1,0,0,1,0,1,0,1,435.9450834500895,5
3,3,4,2,4,3,2,0,3,1,2,1,0,1,0,0,1,1,0,0,0,0,0,1,0,710.6841312630501,3
3,0,4,0,4,3,1,3,0,0,2,1,0,0,0,0,0,1,0,0,1,0,0,1,0,725.7762425858348,2
3,0,1,0,2,4,2,3,1,2,0,0,1,0,0,0,0,1,0,0,1,0,1,0,0,709.6325253419968,3
0,3,2,1,0,3,3,0,0,1,2,1,0,1,0,0,0,0,0,0,1,0,0,1,1,374.0130669300937,6
1,0,4,0,1,1,2,0,2,0,2,0,0,0,0,1,0,1,0,0,1,0,0,1,0,654.732341614379,3
1,0,2,0,0,3,1,3,1,4,2,1,0,1,0,0,0,1,0,0,1,0,0,0,0,603.8704728423622,4
1,0,2,0,0,1,2,0,2,0,1,0,0,0,0,0,0,1,0,0,1,0,0,1,1,439.90837975051176,5
1,1,0,0,1,1,1,2,2,0,2,1,0,0,0,1,0,1,0,0,1,0,0,1,1,325.93429153796643,6
3,1,0,1,4,2,1,3,1,0,0,1,0,1,0,1,0,1,0,0,1,0,0,1,1,341.4441889856898,6
0,1,1,0,0,3,2,3,2,0,0,0,0,0,0,0,0,1,0,0,1,0,0,1,1,351.123923419209,6
1,1,4,0,0,1,2,1,0,1,2,1,0,0,0,0,0,1,0,0,1,0,1,0,1,453.1055159740874,5
0,1,2,0,4,4,2,3,3,2,0,0,1,1,0,0,1,1,0,0,0,0,0,1,0,640.4526912921549,3
0,1,1,0,0,3,2,3,2,0,0,0,0,0,0,0,0,0,0,1,0,0,1,0,1,350.4317599253844,6
2,0,3,0,0,1,1,0,1,0,0,0,0,0,0,0,0,1,0,0,1,0,0,1,0,700.8593726046774,3
1,2,2,3,4,2,2,3,3,1,2,0,0,1,0,1,0,1,0,0,0,0,0,1,1,354.90744309923724,6
1,1,3,1,4,2,2,1,1,1,0,1,0,1,0,0,0,1,0,0,1,0,0,0,0,712.5404705901612,3
1,1,3,0,1,3,1,1,1,0,2,1,0,1,0,0,0,1,0,1,0,0,0,1,0,673.2788971262157,3
0,0,2,0,0,3,0,2,2,1,2,0,0,0,0,1,0,1,0,0,1,0,0,1,1,379.5921613381543,6
3,1,4,0,3,4,2,1,2,1,2,0,0,0,0,0,0,1,0,0,1,0,0,1,0,779.079730951205,2
1,3,2,1,4,3,2,0,2,1,2,1,1,1,0,0,0,1,0,0,1,0,0,1,0,689.8513641800287,3
0,3,2,1,0,2,1,1,2,1,2,0,0,1,0,0,0,1,0,0,1,0,0,1,1,315.46625796479634,6
0,1,2,0,0,1,1,3,0,0,2,0,0,1,0,0,0,1,0,1,0,0,1,0,1,451.6053216177343,5
3,1,4,1,0,3,2,1,2,1,2,0,0,0,0,0,0,0,1,0,1,0,0,1,0,711.4552834513858,3
3,1,2,1,4,0,1,3,1,0,2,0,0,1,0,0,1,1,0,1,0,0,0,0,0,697.1430364664513,3
0,0,2,0,0,2,1,3,1,0,2,0,0,0,0,0,0,1,0,0,1,0,1,0,0,621.129230634856,3
1,0,2,0,0,4,2,3,2,0,2,1,0,0,0,0,0,1,0,0,1,0,1,0,0,674.8137780918292,3
3,0,4,0,0,3,1,2,2,0,0,1,0,0,0,0,0,0,1,0,1,0,0,1,0,683.2440215630929,3
1,0,2,0,0,3,1,0,0,0,2,0,0,0,0,0,0,1,0,0,1,0,0,1,0,626.3824857252953,3
3,1,4,0,4,2,1,1,2,1,2,1,0,1,0,0,0,1,0,0,1,0,0,1,0,766.5044992979815,2
1,2,4,0,0,1,0,3,2,0,2,1,0,0,0,1,0,1,0,0,1,0,0,1,1,402.1500027223301,6
3,1,2,0,0,1,3,2,2,0,2,1,0,0,0,0,0,1,0,0,1,0,1,0,0,724.803668107216,2
1,1,4,0,0,4,2,2,0,0,0,1,0,0,0,1,0,0,0,0,1,0,0,1,1,338.2647455322185,6
1,0,4,0,0,1,2,2,0,2,0,1,1,0,0,1,0,1,0,0,1,0,1,0,0,668.3976687750153,3
3,0,2,0,0,2,1,1,0,0,2,0,0,0,0,0,0,1,0,1,0,0,0,1,0,651.9853003186723,3
1,2,2,0,0,1,2,0,3,1,2,0,0,0,0,0,0,1,0,1,0,0,1,0,1,383.811038577934,6
3,0,2,0,4,4,1,3,3,2,2,0,0,1,0,1,0,1,0,0,0,0,0,0,0,723.2170234029527,2
0,1,2,0,0,2,1,3,0,0,0,0,0,0,0,0,0,1,0,1,0,0,0,1,1,316.7084966796656,6
0,0,4,0,0,2,2,1,0,1,2,1,1,0,0,1,0,1,0,1,0,0,0,1,0,651.0672431690818,3
0,0,2,0,0,2,2,0,1,0,2,0,0,0,0,0,0,0,0,0,1,0,1,0,0,768.24396372978,2
0,1,2,0,0,2,3,2,0,2,2,0,0,1,0,0,0,1,0,0,1,0,1,0,1,389.8712502651285,6
0,0,4,0,0,4,2,2,1,3,2,1,0,0,0,0,0,1,0,0,1,0,0,1,1,546.56398385576,4
0,0,4,0,0,3,1,2,0,3,2,3,0,1,0,0,0,1,0,0,1,0,1,0,0,616.7403743937011,3
1,1,3,0,4,2,1,3,2,2,2,1,0,1,0,1,0,1,0,1,0,0,0,1,0,668.770139898016,3
3,1,2,0,3,4,1,3,0,1,0,0,0,0,0,0,0,1,0,0,1,0,1,0,0,690.2831606632611,3
1,1,2,0,0,2,1,3,1,0,2,0,0,1,0,1,0,1,0,1,0,0,1,0,1,362.25732892801545,6
0,1,1,0,4,4,2,2,2,1,1,0,0,1,0,0,0,1,0,0,1,0,0,0,1,375.8165153466375,6
1,0,1,0,1,1,1,0,1,1,1,0,0,0,0,1,0,1,0,0,1,0,1,0,1,365.4582374944483,6
0,1,2,0,0,3,1,3,2,0,2,1,0,0,0,1,0,1,0,1,0,0,0,1,1,367.81164269857294,6
1,1,0,1,0,2,2,3,0,1,2,2,0,1,0,0,0,1,0,0,1,0,1,0,1,368.5026705842049,6
3,1,4,0,0,3,2,1,1,1,0,1,0,0,0,1,0,1,0,0,1,0,0,1,1,367.0908617298958,6
3,1,3,1,0,2,2,1,3,1,2,0,0,0,0,0,0,1,0,0,0,0,0,1,0,631.2012733939514,3
1,0,2,0,0,1,1,0,0,2,2,0,0,0,0,0,0,0,0,0,1,0,0,1,0,749.042622414536,2
1,0,2,0,0,2,1,0,1,0,2,0,0,0,0,0,0,1,0,0,1,0,0,1,1,699.7914673011755,3
1,1,1,0,0,3,1,3,3,1,0,0,0,0,0,0,0,1,0,0,0,0,1,0,1,349.69836368838014,6
3,2,2,0,0,2,1,1,2,0,2,0,0,1,0,0,0,1,0,0,1,0,0,0,1,402.0279498327509,6
2,0,2,0,0,1,1,1,1,0,2,0,0,0,0,0,0,1,0,0,1,0,0,1,0,432.5327264462362,5
0,1,1,0,2,2,2,3,0,0,1,0,0,1,0,0,0,1,0,0,1,0,0,1,0,651.6554642186045,3
3,1,4,1,0,2,2,1,0,4,2,0,0,1,0,0,0,1,0,0,1,0,0,0,0,708.9327691004652,3
1,2,2,0,1,2,1,3,3,2,2,0,0,0,0,0,0,0,1,0,0,0,0,1,1,340.0848408114234,6
3,1,2,0,0,1,2,0,0,1,2,0,0,0,0,0,0,1,0,0,1,0,0,1,0,694.233244264944,3
3,0,2,0,4,4,2,3,3,2,0,0,1,0,0,0,1,1,0,0,0,0,0,1,0,732.6610382798403,2
0,0,2,0,1,0,1,2,1,0,2,0,0,0,0,0,0,1,0,0,1,0,0,1,1,353.0706556448838,6
2,0,2,0,1,4,1,3,3,2,2,0,1,0,0,1,0,1,0,0,0,0,1,0,1,380.79462402061057,6
0,1,2,0,3,1,1,1,2,0,0,0,0,0,0,0,0,1,0,0,1,0,0,1,0,625.6178180037807,3
0,1,1,0,0,2,1,3,2,0,0,0,0,0,1,0,1,0,0,1,0,0,0,1,0,448.2362744809084,5
3,1,3,0,0,3,1,0,0,0,2,0,0,0,0,0,0,1,0,0,1,0,0,1,1,400.2324586904118,6
1,3,0,3,4,2,2,1,2,2,0,0,0,1,0,0,0,1,0,0,1,0,0,0,0,658.7055183033597,3
1,4,3,2,4,2,2,1,3,0,2,0,0,0,0,0,0,1,0,0,0,0,0,0,0,690.5446982060764,3
0,0,4,0,0,2,2,2,0,1,2,2,1,0,0,1,0,1,0,1,0,0,0,1,0,711.0060880416331,3
1,1,2,0,1,2,1,3,2,0,2,0,0,0,0,0,0,0,1,1,0,0,0,1,1,345.1832159789875,6
3,0,2,0,0,2,0,1,0,2,2,0,0,0,0,1,0,1,0,0,1,0,1,0,0,696.1509087364828,3
1,1,4,0,0,3,2,2,1,0,2,1,0,0,0,0,0,1,0,0,1,0,0,1,0,644.2368464765469,3
3,1,4,0,0,2,2,1,1,1,0,1,0,0,0,1,0,1,0,0,1,0,0,1,1,428.7685148038879,5
3,3,2,1,4,2,0,1,0,1,0,0,0,0,0,0,0,1,0,0,1,0,0,1,1,360.8724376573789,6
0,0,2,0,0,1,1,0,2,0,2,0,0,0,0,0,0,1,0,1,0,0,0,1,0,563.190162276072,4
0,1,2,0,0,2,2,3,3,4,2,1,0,0,0,0,0,1,0,0,0,0,0,1,1,360.42003432094725,6
3,0,2,0,4,4,2,1,2,1,2,0,0,0,0,0,0,1,0,0,1,0,0,1,0,728.3967600403569,2
2,0,2,0,0,2,2,1,0,1,2,0,0,1,0,0,0,1,0,0,1,0,0,1,0,748.8437803344295,2
1,0,1,0,1,3,2,2,3,0,2,0,0,0,0,1,0,1,0,0,1,0,0,1,1,341.20391992654856,6
3,2,4,1,2,2,2,3,0,1,2,1,0,1,0,0,0,1,0,0,1,0,0,1,0,703.1903354848412,3
3,0,2,0,4,4,2,3,0,4,2,0,0,0,0,0,0,1,0,0,1,0,1,0,0,786.8770604440125,2
0,1,2,0,0,2,1,3,2,0,2,0,0,0,0,0,0,1,0,0,1,0,0,1,0,571.0664659811191,4
0,1,1,0,0,2,2,2,2,2,0,0,0,0,0,0,0,1,0,0,1,0,0,1,1,358.46866069212075,6
1,0,2,0,4,1,2,0,1,0,2,0,0,0,0,0,0,1,0,0,1,0,0,1,0,616.140995383214,3
3,0,2,0,0,1,1,1,2,0,2,1,0,0,0,0,0,0,1,1,0,0,0,1,1,377.6457150488202,6
1,1,2,0,0,1,1,3,2,0,2,0,0,1,0,1,0,1,0,0,1,0,1,0,1,343.112970778161,6
3,0,2,0,0,4,2,3,1,2,0,2,1,1,0,0,0,1,0,0,1,0,0,1,0,742.4564929327785,2
3,1,2,0,2,3,1,0,2,0,2,0,0,0,0,0,0,1,0,0,1,0,0,1,0,736.1342867591883,2
3,4,3,4,0,3,2,3,2,0,2,1,0,1,0,0,0,1,0,0,1,0,0,1,0,608.0554664560248,4
3,0,2,0,0,1,1,2,2,1,2,0,1,0,0,0,0,1,0,0,1,0,0,1,0,653.6570749935684,3
0,2,3,1,0,3,2,1,1,0,0,1,1,1,0,0,0,1,0,0,1,0,0,1,1,336.4394848125819,6
0,1,2,0,0,0,1,0,0,0,2,0,0,0,0,0,0,1,0,0,1,1,0,0,1,352.5184050553858,6
1,0,2,0,0,4,2,3,2,1,2,1,0,0,0,0,0,1,0,0,1,0,1,0,0,590.3262435862653,4
3,0,2,1,1,2,2,1,1,1,2,0,0,1,0,0,0,1,0,0,1,0,0,0,1,404.6764103485133,6
3,1,4,0,0,3,3,1,2,1,2,1,0,1,0,0,0,0,0,0,1,0,0,1,0,741.5074266167499,2
0,1,4,0,0,3,3,0,1,1,2,1,0,1,0,0,0,1,0,0,1,0,0,0,0,627.6118252394801,3
3,2,3,2,4,1,2,3,2,0,2,1,0,1,0,0,0,1,0,1,0,0,0,1,1,352.7463783389032,6
0,1,0,1,0,2,0,1,0,1,2,1,0,0,0,0,0,0,0,0,1,0,0,1,0,653.4255318733351,3
3,0,2,0,2,2,1,1,1,0,2,0,0,0,0,1,0,1,0,0,1,0,0,1,1,392.4685804159751,6
2,1,2,0,0,3,2,2,3,1,0,0,1,0,0,1,0,1,0,0,0,0,0,1,1,333.8177517746728,6
0,0,2,0,0,2,2,3,2,1,2,0,1,0,0,0,0,1,0,1,0,0,1,0,1,471.4388074792449,5
0,3,2,2,0,3,2,0,3,2,2,0,0,1,0,0,0,1,0,0,0,0,0,0,0,335.14018772910106,6
1,0,2,0,0,2,2,1,1,1,2,0,0,0,0,0,0,1,0,0,1,0,1,0,1,440.4366872309655,5
0,1,2,0,0,4,2,0,0,2,2,0,0,0,0,1,0,0,1,0,1,0,0,1,1,464.012489366401,5
1,2,3,2,1,4,2,3,2,2,2,3,0,1,0,1,0,1,0,0,1,0,0,0,1,370.75203680754936,6
3,1,4,0,0,3,2,2,2,1,2,1,0,1,0,0,1,1,0,0,1,0,0,1,0,816.9597622200378,2
0,0,2,1,0,0,2,3,3,0,2,0,0,0,0,1,0,1,0,0,0,0,0,1,0,624.855518025101,3
1,0,2,0,0,4,2,3,2,1,0,0,1,0,0,1,0,1,0,0,1,0,1,0,1,353.2397256633075,6
3,3,2,2,4,3,2,2,2,1,1,0,0,1,0,0,0,1,0,0,1,0,0,1,0,723.6693322429935,2
1,1,0,1,0,2,1,0,2,0,2,1,0,0,0,0,0,1,0,0,1,0,0,1,0,675.002571098406,3
1,1,4,1,0,4,2,0,3,1,2,0,0,1,0,0,0,1,0,0,1,0,0,1,0,646.7719562989639,3
2,0,2,0,0,2,3,3,0,0,2,0,0,0,0,0,0,1,0,1,0,0,0,1,0,651.0396254165667,3
0,0,2,0,4,2,3,1,2,0,2,0,0,0,0,1,0,1,0,0,1,0,0,1,1,340.3075468127321,6
3,1,2,0,0,4,2,1,0,2,2,1,0,0,0,0,0,1,0,0,1,0,0,1,0,738.0844231283456,2
1,0,3,0,0,0,2,0,1,1,1,1,0,1,0,0,0,1,0,0,1,0,0,0,0,595.1461590839986,4
2,0,4,0,0,2,1,3,1,2,2,0,0,0,0,0,0,1,0,0,1,0,1,0,0,674.7253074954441,3
3,1,4,1,0,0,2,1,3,0,0,1,0,1,0,0,0,0,1,0,1,0,0,0,0,598.4295413463346,4
1,1,1,0,3,2,2,1,2,1,1,0,1,1,0,0,0,1,0,0,1,0,0,1,0,702.8233770411059,3
3,3,1,0,0,2,1,0,0,0,1,0,0,0,0,0,0,1,0,0,1,0,0,1,0,617.0070826967715,3
0,0,4,1,0,4,2,3,1,2,2,1,0,1,0,1,0,0,1,1,0,0,0,1,1,550.0520124397781,4
2,1,4,0,0,4,2,3,1,2,2,0,0,0,0,0,0,1,0,0,1,0,0,1,0,753.4332962048504,2
3,1,4,1,1,2,2,2,1,0,2,1,0,1,0,0,0,1,0,0,1,0,1,0,0,693.3291368871974,3
3,2,2,1,1,3,2,1,2,1,2,1,0,1,0,0,0,1,0,0,1,0,0,1,0,615.9290096881545,3
3,4,2,2,0,4,2,3,1,2,2,0,0,1,0,1,0,1,0,0,1,0,0,0,0,716.5108713907102,2
3,0,4,0,2,2,3,1,2,0,2,0,0,0,0,1,0,1,0,0,1,0,0,1,0,665.5597041422959,3
3,1,3,0,2,1,2,1,0,1,0,0,1,0,0,0,0,1,0,0,1,0,1,0,1,346.17034785177066,6
3,1,4,1,0,3,1,3,2,0,2,0,0,1,0,0,0,1,0,1,0,0,0,0,0,720.9366900896146,2
3,1,4,1,0,4,2,3,2,1,2,0,0,1,0,0,0,1,0,0,1,0,0,1,0,794.2699496466025,2
1,4,2,1,1,2,3,1,2,0,2,0,0,0,0,0,0,1,0,0,1,0,0,1,1,371.9220929364918,6
0,1,2,0,0,4,2,3,0,4,0,0,0,0,0,0,0,1,0,1,0,0,1,0,0,522.0630403160229,4
3,1,2,0,0,1,1,0,0,0,2,0,0,0,0,0,0,1,0,0,1,0,0,1,0,524.2670710821767,4
3,0,2,0,0,1,1,1,3,3,2,0,0,0,0,0,0,1,0,0,1,0,0,1,0,716.9151648923082,2
3,0,2,0,4,2,2,3,3,1,2,0,0,1,0,0,0,1,0,0,0,0,0,1,0,675.3477414882461,3
3,0,3,0,0,2,3,2,0,1,0,1,0,0,0,0,0,1,0,0,1,0,0,1,0,732.6014577939828,2
3,1,4,1,0,1,3,2,3,2,2,2,0,1,0,0,0,1,0,0,0,0,0,1,0,693.7926497691014,3
1,2,3,2,1,3,2,2,1,1,2,1,1,1,0,0,0,1,0,0,1,0,1,0,0,693.8108794949924,3
3,4,2,1,4,2,2,3,3,1,2,0,1,1,0,1,0,1,0,0,0,0,0,1,0,662.7451048940574,3
2,0,4,0,4,3,2,1,1,0,2,1,0,1,0,0,0,1,0,0,1,0,0,1,0,691.1263316526704,3
1,2,3,0,1,4,2,2,3,0,2,0,0,0,0,1,0,1,0,0,0,0,0,1,0,478.86895824234017,5
3,0,2,0,1,4,2,3,2,1,2,0,0,1,0,0,0,0,1,0,1,0,0,1,0,727.566156433152,2
0,0,2,0,3,2,2,2,1,1,2,0,1,0,0,1,0,1,0,0,1,0,0,1,0,411.4197544911518,5
0,0,4,0,0,2,0,2,1,0,2,1,0,0,0,0,0,1,0,0,1,0,0,1,0,686.5287194067921,3
1,0,2,0,1,2,1,1,0,0,2,0,0,0,0,0,0,1,0,0,1,0,1,0,0,648.2623178424188,3
1,1,2,0,1,1,2,0,2,0,2,0,0,0,0,0,0,1,0,0,1,0,0,1,0,618.3900787446023,3
0,0,4,1,4,1,2,2,0,2,2,1,1,0,0,1,0,1,0,0,1,0,1,0,0,699.3802064732533,3
3,1,2,0,0,3,2,1,2,0,2,0,0,1,0,0,0,1,0,0,1,0,0,1,0,627.1275564311793,3
3,0,2,0,2,2,2,3,1,2,2,0,0,0,0,0,1,1,0,1,0,0,0,1,0,770.2904285287907,2
1,0,2,0,0,3,2,2,0,0,2,1,0,0,1,0,0,0,0,0,1,0,0,1,0,725.8765997395009,2
3,0,4,0,0,0,1,1,1,1,2,0,0,0,0,1,0,1,0,0,1,1,0,0,0,531.5445693280087,4
3,1,4,0,0,2,2,1,2,0,2,1,0,0,0,0,0,1,0,0,1,0,0,1,0,711.5400743578175,3
2,0,2,0,0,4,2,3,2,1,2,0,0,1,0,0,0,1,0,1,0,0,0,0,0,702.4973593414666,3
3,0,2,0,2,2,1,3,2,0,2,0,0,0,0,0,0,1,0,1,0,0,1,0,1,394.6117231180018,6
0,3,4,1,0,4,2,3,3,2,2,1,0,1,0,0,1,1,0,0,0,0,0,1,1,376.9994199492251,6
2,1,2,0,1,4,1,1,3,2,2,0,0,1,0,0,0,1,0,0,0,0,0,1,0,689.7632115758665,3
1,1,3,0,1,4,2,1,1,1,1,1,0,0,0,0,0,1,0,0,1,0,0,1,0,605.6415498426854,4
1,1,2,0,0,1,1,0,1,1,2,0,1,1,0,0,0,1,0,0,1,0,0,1,0,593.5708905074132,4
3,0,2,1,2,4,1,3,3,1,2,0,0,0,0,1,0,1,0,0,0,0,0,1,0,685.2271049894333,3
1,3,2,1,1,3,2,1,1,0,2,0,0,0,0,1,0,1,0,0,1,0,0,1,1,356.7729485702596,6
1,0,0,0,0,1,1,2,1,0,2,1,0,0,0,0,0,1,0,1,0,0,0,1,1,312.380458267932,6
1,0,2,0,0,4,1,3,0,0,2,0,0,0,0,0,0,1,0,0,1,0,0,1,0,602.1224482563267,4
1,0,2,0,0,2,2,1,0,1,2,0,1,0,0,0,0,1,0,0,1,0,1,0,0,681.7860410291735,3
3,1,4,0,2,4,2,2,1,1,0,1,0,1,0,0,0,1,0,0,1,0,0,0,0,676.9991347223573,3
0,0,1,0,0,4,1,3,3,1,2,0,0,0,0,0,0,1,0,0,0,0,0,1,1,314.34044884596693,6
3,1,2,0,4,4,2,3,0,2,2,0,0,1,0,0,1,1,0,0,1,0,0,0,0,812.3399114852303,2
0,0,4,0,0,2,2,3,0,0,2,1,0,0,0,0,0,1,0,0,1,0,1,0,0,695.098529117066,3
1,4,2,3,0,3,2,1,3,0,2,0,0,1,0,1,0,1,0,0,1,0,0,0,1,331.79726312417904,6
3,1,4,2,4,4,2,3,2,3,2,1,0,0,0,0,1,1,0,0,1,0,0,1,0,696.0655906826528,3
3,1,4,0,4,4,2,1,2,1,2,1,1,1,0,0,0,1,0,0,1,0,0,1,0,767.0699495448116,2
3,1,2,0,0,2,2,1,3,1,2,0,0,1,0,0,0,1,0,0,0,0,0,0,0,671.9602013960541,3
2,1,4,0,4,2,2,1,2,1,2,1,0,1,0,0,0,1,0,0,1,0,0,1,0,711.9884414836617,3
1,1,0,1,1,4,3,3,2,1,0,1,0,1,0,0,1,1,0,0,1,0,0,1,0,629.5595275619096,3
2,0,0,0,0,1,2,1,2,1,2,1,0,1,0,0,0,1,0,0,1,0,0,0,1,363.8489332517965,6
1,0,1,0,3,1,1,1,1,0,0,0,1,0,0,0,0,1,0,1,0,0,0,1,1,380.0721204905338,6
0,0,2,0,0,2,1,1,0,0,2,0,0,0,0,1,0,1,0,0,1,0,1,0,1,389.8575691346217,6
1,0,2,0,2,2,1,2,0,4,2,0,0,0,0,0,0,1,0,0,1,0,1,0,0,742.4090417081989,2
3,1,2,0,0,2,1,2,0,0,2,0,0,0,0,1,0,1,0,1,0,0,0,1,1,368.5705391157613,6
3,0,4,0,3,2,1,1,0,1,0,1,0,0,0,1,0,1,0,0,1,0,1,0,0,618.5245038963791,3
3,0,4,0,2,2,3,1,1,2,2,1,0,0,0,0,0,1,0,0,1,0,1,0,0,716.2401114355724,2
0,1,2,0,0,2,1,3,2,0,0,1,0,0,0,0,0,1,0,1,0,0,0,1,1,366.0687111091648,6
1,3,1,1,0,4,1,2,3,3,2,0,0,0,0,0,0,1,0,1,0,0,0,1,1,322.5214232464886,6
2,1,4,0,3,2,0,3,0,1,2,1,0,1,0,0,0,1,0,0,1,0,0,1,0,643.2725007223712,3
1,1,3,1,0,1,2,1,2,1,2,0,0,0,0,0,0,1,0,0,1,0,0,1,0,568.3689711326372,4
0,1,2,0,0,2,2,3,0,0,2,0,1,0,0,0,0,1,0,1,0,0,1,0,1,397.8863628585613,6
1,0,2,0,0,3,1,1,0,2,2,0,0,0,0,0,0,0,0,0,1,0,1,0,0,756.1935151339969,2
3,1,2,0,3,2,1,3,2,0,2,0,0,1,0,0,1,1,0,1,0,0,0,1,0,750.7783377351452,2
3,0,4,0,0,3,1,0,0,1,2,0,1,0,0,1,0,1,0,0,1,0,0,1,0,652.6673793918188,3
1,2,1,1,4,1,1,1,3,0,0,0,0,0,0,0,0,1,0,0,1,1,0,0,0,693.9712227699661,3
1,1,2,3,0,2,1,3,2,0,2,1,0,0,0,0,1,1,0,1,0,0,0,0,1,347.945979810899,6
0,1,2,1,1,2,2,3,2,1,2,0,1,1,0,1,0,1,0,0,1,0,1,0,0,393.7466791604634,6
3,0,4,1,0,3,2,2,3,2,2,1,1,1,0,1,0,1,0,0,1,0,0,0,0,744.2418888225435,2
1,1,0,1,1,2,1,3,2,0,2,1,0,0,0,0,0,1,0,1,0,0,1,0,1,314.0685416329798,6
0,1,1,0,1,3,2,2,2,1,0,0,0,0,0,1,0,1,0,0,1,0,0,1,0,329.9084253893353,6
1,0,1,0,0,2,2,3,0,0,1,0,0,0,0,0,0,1,0,0,1,0,1,0,0,516.4542392148857,4
3,1,2,0,4,4,2,2,1,1,2,0,0,1,0,0,0,1,0,0,1,0,0,1,0,761.4638395603649,2
0,1,1,0,2,2,2,3,0,0,1,0,0,1,0,0,0,1,0,0,1,0,0,1,0,651.6554642186045,3
0,2,4,3,4,3,2,3,1,0,2,1,0,1,0,0,0,1,0,0,1,0,0,0,0,629.4558230236835,3
0,0,4,0,0,1,2,0,1,0,0,1,0,0,0,0,0,1,0,0,1,0,1,0,0,696.286375024707,3
0,0,2,0,0,0,1,3,2,0,2,0,0,0,0,1,0,1,0,1,0,0,0,1,0,607.0743402382725,4
0,0,2,0,0,1,1,0,0,1,2,0,0,0,0,1,0,1,0,0,1,0,1,0,1,366.4018420267625,6
3,1,2,1,4,2,2,2,2,0,2,0,0,0,0,0,1,1,0,0,1,0,0,1,0,775.2451123150662,2
3,0,2,0,0,3,2,1,2,1,2,0,0,0,0,0,1,1,0,0,1,0,0,1,0,740.3521422205281,2
0,0,2,0,0,4,1,0,1,2,0,0,0,1,0,0,0,1,0,0,1,0,0,1,0,674.4082715447134,3
0,1,2,0,0,1,1,1,2,0,2,0,0,0,0,1,0,1,0,0,1,0,1,0,1,315.89827801814704,6
1,0,2,0,1,3,1,3,0,0,2,0,0,0,0,0,0,1,0,1,0,0,1,0,0,701.2803780531938,3
3,1,4,1,0,3,1,1,2,0,2,1,0,0,0,0,0,1,0,0,1,0,0,1,0,706.6363255647259,3
3,0,3,0,3,4,2,3,3,3,2,1,1,0,0,0,0,1,0,0,0,0,0,1,1,372.78150805608703,6
0,1,2,0,4,3,1,3,3,1,2,0,0,0,0,1,0,1,0,1,0,0,0,1,1,341.0546029582805,6
2,0,4,0,0,2,2,0,0,4,2,2,1,0,1,1,0,1,0,0,1,1,0,0,0,766.8997850641255,2
2,0,4,0,4,2,2,3,3,1,2,1,0,1,0,0,0,1,0,0,0,0,0,1,1,407.45346968460905,5
3,1,2,0,0,2,2,1,0,1,2,0,0,1,0,1,0,0,0,0,1,0,0,1,0,728.2481937482964,2
0,0,4,0,0,4,2,2,1,1,2,1,0,0,0,1,0,1,0,0,1,0,0,1,1,415.52978156342857,5
3,0,4,1,4,4,1,3,2,3,2,0,0,1,0,1,0,1,0,0,1,0,0,1,0,790.3834749495969,2
0,1,4,0,0,2,1,3,0,0,2,1,0,0,0,0,0,1,0,1,0,0,0,1,1,403.0053336488029,6
0,0,2,0,0,2,2,2,1,0,2,0,0,0,0,0,0,1,0,0,1,0,1,0,0,606.7940781211396,4
3,1,4,3,4,4,2,3,3,0,2,0,0,1,0,1,0,1,0,0,0,0,0,0,1,375.6968210861055,6
3,1,4,0,1,3,3,2,1,0,2,1,0,1,0,1,0,1,0,0,1,0,0,1,0,628.4057551647563,3
1,0,2,0,0,4,3,2,0,1,0,1,0,0,0,0,0,0,0,0,1,0,1,0,0,717.6383523566547,2
0,1,2,0,0,1,0,3,1,1,2,0,0,0,0,0,0,1,0,0,1,0,1,0,1,330.1244111731348,6
3,0,2,0,4,1,1,3,0,1,2,0,0,0,0,0,1,1,0,1,0,0,0,1,0,722.8106551114722,2
1,0,4,0,0,4,2,3,2,0,2,2,0,1,0,0,0,1,0,1,0,0,0,1,0,702.909971274877,3
3,0,4,0,0,4,2,3,0,3,2,1,0,1,0,0,0,1,0,0,1,0,1,0,0,776.3855328053,2
0,1,2,0,4,4,1,3,0,0,2,0,0,0,0,0,1,1,0,1,0,0,0,1,0,659.1107775953137,3
0,2,4,2,0,2,1,1,3,0,2,1,0,1,0,0,0,1,0,0,1,0,0,0,1,321.2807639394249,6
3,1,4,0,0,4,2,3,2,1,2,0,0,1,0,0,1,1,0,0,1,0,0,0,0,800.5889607507863,2
3,1,4,0,1,4,2,3,1,2,0,1,0,0,0,0,0,1,0,0,1,0,0,1,0,731.4360964206242,2
2,0,4,0,2,0,2,3,3,4,0,2,0,0,0,1,0,1,0,0,0,1,0,0,0,652.1093998684373,3
0,1,2,0,4,2,1,3,0,0,2,0,0,0,0,1,0,1,0,1,0,0,0,1,1,339.6964188819166,6
3,2,4,0,0,3,2,3,2,1,2,1,0,1,0,1,0,1,0,0,1,0,0,1,0,780.0032016219593,2
0,1,2,0,0,3,1,0,0,0,2,0,0,0,0,0,0,0,0,0,1,0,0,1,0,636.1712196328924,3
3,2,4,1,3,4,2,1,2,1,2,1,0,1,0,0,1,1,0,0,1,0,0,0,0,802.9152356999987,2
1,1,2,1,0,0,1,3,2,4,2,0,0,1,0,0,0,1,0,0,1,0,0,1,0,640.9097165150806,3
1,2,4,1,0,3,2,1,0,0,2,1,0,0,0,0,0,0,0,0,1,0,0,1,1,371.21499859692045,6
3,1,4,0,3,4,2,3,0,3,2,0,0,1,0,1,0,1,0,0,1,0,0,1,0,784.4699822016521,2
1,0,0,0,0,2,2,1,0,1,2,0,0,1,0,0,0,1,0,0,1,0,1,0,0,595.5450129575219,4
1,0,2,0,1,1,1,1,1,0,0,0,0,0,0,1,0,1,0,0,1,0,1,0,1,316.95781216058583,6
1,1,2,1,4,0,0,3,0,3,2,0,0,1,0,0,1,1,0,0,1,0,0,0,0,718.9020566121967,2
1,1,2,0,3,2,2,1,1,1,2,0,0,1,0,0,0,1,0,0,1,0,1,0,0,657.5413799137871,3
3,1,2,0,2,4,2,3,2,1,2,0,0,0,0,0,0,1,0,0,1,0,0,1,0,722.9532264690848,2
3,3,4,0,4,4,2,2,2,1,2,1,1,1,0,0,1,1,0,0,1,0,0,1,0,796.3526900300731,2
1,3,3,1,0,4,2,3,3,2,2,0,0,0,0,0,0,1,0,0,0,0,0,1,1,352.939558567768,6
0,2,4,1,0,2,2,2,3,0,0,0,0,1,0,0,0,1,0,0,1,0,0,1,1,359.78705019673856,6
1,1,2,0,0,4,1,3,1,1,2,0,1,0,0,0,0,1,0,0,1,0,0,1,1,413.5127696078506,5
3,1,2,1,4,4,2,3,2,1,2,0,1,1,0,0,1,1,0,0,1,0,0,0,0,788.7562306270278,2
3,0,4,0,4,2,3,1,1,0,2,1,0,0,0,0,0,1,0,0,1,0,0,1,0,731.8279906317177,2
2,1,2,0,0,4,0,3,3,2,2,0,0,0,0,0,0,1,0,0,0,0,0,1,0,687.9083354067784,3
3,1,2,0,2,4,2,2,3,1,2,0,0,1,0,0,0,1,0,1,0,0,0,1,0,748.6311303044131,2
3,0,2,0,1,1,1,3,1,0,2,0,0,0,0,0,0,1,0,1,0,0,0,1,0,608.9405177064871,4
0,1,2,2,4,4,2,3,1,2,2,0,1,1,0,0,1,1,0,0,0,0,0,1,1,393.635041192091,6
3,0,4,0,0,1,1,3,1,0,2,1,0,0,0,0,0,1,0,1,0,0,1,0,0,655.5101121300024,3
3,1,3,0,4,4,3,3,2,3,2,1,0,1,0,1,0,1,0,0,1,0,0,1,0,674.6465133723003,3
1,0,2,0,4,1,2,1,0,1,2,0,0,0,0,1,0,1,0,0,1,1,0,0,0,728.5629368860149,2
3,1,4,0,0,4,2,3,3,3,2,1,1,0,0,0,0,1,0,0,0,0,0,1,0,687.5125627747911,3
1,1,4,0,0,4,1,3,0,2,0,1,0,1,0,0,0,0,0,1,0,0,1,0,0,674.6129477141302,3
0,1,4,1,0,4,1,3,1,0,2,1,0,0,0,0,0,1,0,0,1,0,0,1,0,695.9791297568655,3
3,0,4,0,4,4,2,3,2,1,2,1,0,0,0,0,0,1,0,0,1,0,0,1,0,730.6229658308928,2
1,0,2,2,4,0,1,1,0,0,2,0,0,0,0,1,0,1,0,1,0,1,0,0,0,617.9241577155203,3
0,2,2,2,0,3,2,0,2,0,2,0,0,1,0,1,0,1,0,0,1,0,0,1,1,325.307268023808,6
1,0,2,0,0,1,3,2,0,0,2,0,0,0,1,0,0,1,0,0,1,0,1,0,0,759.1452501882334,2
3,0,4,0,4,4,2,3,0,4,2,3,0,0,0,0,0,1,0,0,1,0,0,1,0,736.6731556150862,2
1,2,1,2,0,0,2,1,3,3,0,0,0,1,0,0,1,1,0,0,0,0,0,0,0,635.7848937006514,3
1,0,0,0,0,1,1,0,0,0,2,1,0,0,0,1,0,1,0,1,0,1,0,0,1,331.49958778835605,6
1,0,2,0,0,1,3,1,0,0,2,0,0,1,0,0,0,1,0,0,1,0,0,1,0,477.8635860683097,5
1,0,2,0,0,3,3,2,0,0,0,0,0,0,0,0,0,0,0,0,1,0,1,0,0,652.7694377800556,3
0,2,4,2,0,3,2,3,2,0,2,1,0,1,0,0,1,1,0,0,1,0,0,1,1,340.11448360926244,6
0,3,2,0,0,2,2,3,2,3,2,0,0,0,0,0,0,1,0,0,1,0,0,1,1,330.03234022121825,6
0,3,2,1,0,3,2,3,3,2,2,0,1,0,0,1,0,1,0,0,0,0,0,1,1,335.28485529730176,6
1,2,3,1,0,2,1,1,1,3,2,0,0,0,0,1,0,1,0,1,0,0,0,1,0,621.7520860430935,3
3,0,2,0,2,2,0,3,0,3,2,0,0,0,0,0,0,1,0,0,1,0,0,1,0,706.617340895672,3
3,0,4,0,0,3,1,1,2,0,2,1,0,1,0,0,0,1,0,1,0,0,0,1,0,754.2759592782224,2
0,2,2,4,0,0,0,2,2,2,2,0,0,0,0,0,0,0,1,0,1,0,0,0,0,619.554433534847,3
0,1,2,0,0,2,3,2,0,0,0,0,0,0,0,0,0,1,0,0,1,0,0,1,1,337.1024923522256,6
3,0,2,0,0,2,3,1,0,0,2,1,0,1,0,1,0,1,0,0,1,0,0,1,0,696.6716125805315,3
2,0,2,0,0,2,3,0,2,0,2,0,0,0,0,0,0,1,0,0,1,0,0,1,0,606.5342358161893,4
0,2,2,0,0,4,2,1,1,1,0,0,1,0,0,0,0,1,0,0,1,0,0,1,1,370.86527487549705,6
0,0,4,0,0,4,2,3,0,2,2,1,0,0,0,1,0,1,0,0,1,0,1,0,0,615.0021044200894,3
3,1,4,0,0,1,0,1,2,1,2,1,0,1,0,0,0,1,0,0,1,0,0,0,0,697.3893307677967,3
0,1,4,0,0,4,3,2,2,0,2,1,0,1,0,1,0,1,0,0,1,0,0,1,0,607.172857644868,4
0,1,4,1,0,4,1,3,0,1,0,2,0,1,0,1,0,1,0,1,0,0,0,1,1,424.1559396631383,5
3,1,0,1,0,2,2,1,2,1,1,1,1,0,0,0,0,1,0,0,1,0,0,1,1,362.82132794642297,6
0,2,2,2,4,4,2,3,3,2,2,0,0,0,0,0,1,1,0,0,0,0,0,1,1,325.6791485018581,6
1,3,3,1,4,2,2,3,3,1,2,0,1,1,0,0,0,1,0,0,0,0,0,1,0,607.4850621378218,4
3,1,3,0,2,2,2,1,2,2,2,1,1,1,0,0,0,1,0,0,1,0,0,1,0,680.5734758639171,3
0,1,2,0,0,1,1,2,2,0,2,0,0,1,0,1,0,1,0,1,0,0,0,1,1,369.32150823546726,6
0,3,0,3,0,4,2,3,2,0,2,1,0,0,0,0,0,1,0,1,0,0,0,1,1,316.4712404131234,6
1,1,2,1,4,4,1,3,2,2,2,0,0,1,0,0,0,1,0,0,1,0,0,1,0,714.6978120642294,2
2,0,2,0,0,1,1,2,0,0,2,0,0,0,0,0,0,1,0,0,1,0,1,0,1,396.9087547662186,6
0,0,0,0,0,2,2,3,2,2,0,1,0,0,0,1,0,1,0,0,1,0,0,1,1,334.51257604594457,6
3,0,2,0,4,2,1,1,2,0,2,0,0,0,0,0,0,1,0,0,1,0,0,1,0,681.3262963366391,3
3,0,2,0,0,1,1,2,0,0,2,0,1,0,0,0,0,1,0,1,0,0,1,0,0,454.0900449855951,5
0,1,4,0,0,4,2,3,1,3,2,1,0,1,0,0,1,1,0,0,1,0,0,1,0,744.9925383994396,2
3,1,4,0,0,4,3,2,0,2,2,1,0,0,0,0,0,0,1,0,1,0,0,1,0,763.6403138894696,2
0,2,2,1,0,3,2,1,1,0,2,0,0,0,0,0,0,1,0,0,1,0,0,1,1,358.01772205477164,6
3,1,3,0,0,2,2,1,0,0,1,1,0,0,0,0,1,1,0,0,1,0,1,0,0,715.1734431530576,2
3,1,2,0,0,1,1,3,0,0,2,0,0,0,0,0,0,1,0,0,1,0,0,1,1,377.46018929026826,6
3,1,1,0,0,3,2,3,2,2,0,0,0,1,0,0,0,1,0,0,1,0,0,1,0,690.9124266177785,3
3,1,2,0,0,4,2,3,1,2,0,2,1,1,0,0,0,1,0,0,1,0,0,1,0,736.2178431843738,2
1,1,2,1,4,3,2,2,2,1,2,0,0,1,0,0,0,1,0,0,1,0,0,1,0,697.2591405593207,3
3,1,2,1,4,2,2,3,2,4,2,1,0,0,0,1,0,1,0,1,0,0,0,1,1,340.006872111083,6
3,1,2,0,0,1,3,1,0,0,2,0,0,0,0,1,0,1,0,0,1,0,0,1,0,688.0505534862941,3
0,0,2,0,0,3,2,3,0,3,2,0,0,0,0,0,0,1,0,0,1,0,0,1,0,674.1983912205468,3
0,0,2,0,0,4,2,3,0,3,1,0,0,0,0,0,0,1,0,0,1,0,1,0,1,693.5595281045116,3
0,1,4,0,0,2,3,1,1,1,0,1,0,0,1,1,0,0,0,1,0,0,0,1,1,338.5561589518084,6
3,1,4,1,4,3,2,3,1,2,2,1,0,1,0,0,1,1,0,0,1,0,0,1,0,808.5406153998603,2
3,0,4,0,0,2,2,3,3,1,2,1,0,1,0,0,0,1,0,0,0,0,0,1,0,738.5457537588625,2
0,1,1,0,0,3,2,3,3,1,2,1,1,0,0,1,0,1,0,0,0,0,1,0,1,302.41948013970483,6
3,2,3,2,0,4,2,1,2,2,2,1,1,1,0,1,0,1,0,0,1,0,0,1,0,685.2699962501024,3
3,1,2,0,1,1,3,2,0,1,2,0,0,1,0,1,0,1,0,0,1,0,0,1,0,739.3801356690244,2
3,0,2,0,4,3,1,2,1,1,2,0,0,1,0,0,0,1,0,0,1,0,0,1,0,719.5406239219294,2
3,0,4,0,0,2,2,1,3,0,2,0,0,1,0,0,0,1,0,0,0,0,0,1,0,683.7239731077267,3
0,0,2,1,0,2,1,1,1,0,2,0,0,1,0,1,0,1,0,0,1,0,0,1,1,352.205881582758,6
3,0,2,0,1,2,2,1,0,0,2,0,1,0,1,1,0,0,0,1,0,0,0,1,0,706.5828861574166,3
3,1,4,1,3,2,2,1,0,0,2,1,0,0,0,0,1,1,0,0,1,0,0,1,0,769.156788027419,2
3,1,3,0,0,2,3,1,2,0,2,0,0,1,0,0,0,1,0,0,1,0,0,1,1,430.9202428394996,5
0,1,2,0,0,1,1,3,0,1,2,0,0,1,0,0,0,1,0,0,1,0,0,1,1,344.2219815054309,6
3,1,4,1,3,1,2,1,0,1,1,1,1,1,0,0,0,1,0,0,1,0,1,0,0,681.2077452479828,3
3,0,2,0,0,2,2,1,0,0,0,0,0,0,0,0,0,1,0,1,0,0,1,0,1,389.163992311116,6
3,0,2,0,2,2,1,3,2,0,2,0,0,0,0,0,0,1,0,1,0,0,0,1,0,497.7837191770592,5
0,1,2,0,0,1,1,0,2,0,1,0,0,0,0,0,0,1,0,0,1,0,0,1,0,589.5139852631344,4
3,0,4,0,0,4,2,3,1,2,1,0,0,0,0,0,0,1,0,0,1,0,0,1,0,696.8395729322929,3
3,2,2,1,4,4,2,1,1,1,2,1,0,0,0,0,0,1,0,0,1,0,0,1,0,684.0400594285668,3
0,0,2,0,0,4,1,3,1,0,2,0,0,0,0,0,0,1,0,1,0,0,0,1,0,593.1212062718982,4
3,2,3,2,2,3,1,3,2,1,2,1,0,1,0,0,0,1,0,0,1,0,0,1,0,690.7869801871061,3
2,0,4,0,0,4,2,3,0,2,2,1,1,0,1,1,0,1,0,0,1,0,0,1,0,775.811056945535,2
0,1,4,0,1,3,2,0,0,0,2,1,0,1,0,0,0,1,0,0,1,0,0,1,0,682.4811521433714,3
3,0,2,0,4,1,1,0,0,0,2,0,0,0,0,0,0,1,0,0,1,0,0,1,0,703.0218806767882,3
0,0,2,0,0,2,2,1,1,0,2,0,1,0,0,0,0,0,1,0,1,0,1,0,0,695.0576242956217,3
1,0,4,0,3,2,1,3,2,1,2,1,0,0,0,1,0,1,0,0,1,0,0,1,0,720.4067416687301,2
0,1,1,0,0,1,2,3,3,1,0,0,0,1,0,0,0,0,1,0,0,0,0,0,0,637.960387515938,3
3,2,2,0,0,4,2,1,2,0,2,0,0,0,0,0,0,1,0,0,1,0,0,1,0,612.9006002438674,3
0,0,2,0,0,1,2,1,3,0,2,0,0,1,0,1,0,1,0,0,0,0,0,0,1,358.9826018263837,6
3,1,4,1,4,3,2,2,1,1,2,1,0,0,0,0,0,1,0,0,1,0,0,1,0,787.0996793727326,2
3,1,2,2,0,3,2,2,2,1,2,0,0,1,0,0,1,1,0,0,1,0,0,0,0,734.5416518162159,2
3,1,2,2,4,2,0,3,3,2,2,0,0,1,0,0,1,1,0,0,0,0,0,1,0,698.4697074335393,3
1,1,4,0,4,4,2,3,0,1,2,1,0,0,0,1,0,1,0,0,1,0,0,1,0,682.0257034775225,3
3,1,4,0,0,0,1,3,2,4,2,1,0,0,0,0,0,1,0,0,1,1,0,0,0,732.5686579822805,2
1,1,2,1,0,3,0,2,2,2,2,0,0,1,0,0,0,1,0,0,1,0,0,1,1,533.2637657950188,4
0,0,2,0,0,1,1,3,1,3,2,0,0,0,0,0,0,1,0,0,1,0,0,1,1,367.9883467129333,6
1,1,4,0,4,3,2,2,3,1,2,1,1,1,0,0,0,1,0,0,1,0,0,1,0,677.0657616391038,3
1,3,2,4,0,2,2,1,2,0,2,0,0,1,0,0,0,1,0,0,1,0,0,1,1,312.84047280102345,6
3,2,4,1,0,4,2,3,2,1,2,1,0,1,0,1,0,1,0,0,1,0,0,0,0,731.9254864132809,2
3,1,1,2,4,1,2,3,0,1,0,1,1,1,0,0,1,0,0,1,0,0,0,1,0,665.2863103281295,3
0,1,4,0,0,4,2,3,2,2,1,3,1,1,0,0,0,1,0,0,1,0,0,0,0,628.1293363842052,3
3,0,4,0,0,4,2,3,2,2,2,1,0,1,0,0,0,1,0,0,1,0,0,1,0,769.6090999171547,2
0,0,4,0,0,2,2,3,1,1,0,1,0,0,1,1,0,1,0,0,1,0,1,0,0,572.2257023921345,4
1,2,4,1,0,2,2,3,2,1,2,1,0,1,0,0,1,1,0,0,1,0,0,1,0,720.6706541857297,2
3,1,4,0,4,2,2,2,1,0,2,1,0,1,0,0,0,1,0,0,1,0,0,1,0,745.6942899090193,2
3,2,3,2,4,3,2,1,2,1,1,0,1,1,0,0,1,1,0,0,1,0,0,0,0,755.4131409340118,2
0,1,2,0,0,1,1,3,1,0,2,0,0,1,0,0,0,1,0,1,0,0,0,0,0,592.8633738716367,4
3,0,4,0,3,3,1,1,1,1,2,0,0,0,1,0,0,1,0,0,1,0,0,1,0,733.0980376758864,2
3,0,2,0,4,3,1,3,0,1,0,0,0,0,0,0,0,1,0,1,0,0,1,0,0,681.3804557555187,3
0,1,2,1,0,2,2,2,2,2,2,0,0,0,0,0,0,0,1,0,1,0,0,1,1,620.1725125899995,3
0,0,4,0,0,4,2,3,1,2,0,0,0,1,0,1,0,0,0,1,0,0,0,1,1,359.7394174441655,6
3,1,4,0,4,1,0,3,0,2,2,1,0,1,0,1,0,1,0,0,1,0,0,1,0,646.8441741709821,3
3,2,4,2,4,4,2,3,3,2,2,1,0,0,0,0,1,1,0,0,0,0,0,1,0,608.5920824467918,4
3,0,2,0,4,2,3,1,0,1,2,0,0,1,0,0,0,1,0,1,0,0,0,1,0,773.2258465105172,2
3,1,2,0,0,4,2,0,0,1,2,0,0,1,0,0,0,1,0,0,1,0,0,0,0,730.6771336241791,2
0,0,2,0,0,2,2,1,0,0,2,0,1,1,0,0,0,1,0,1,0,0,0,0,0,667.8799460187347,3
0,1,2,0,4,3,2,1,0,0,2,0,0,0,1,1,0,0,1,0,1,0,1,0,0,643.1366460776035,3
1,2,2,0,4,2,3,1,2,0,2,0,0,0,0,0,0,1,0,0,1,0,0,1,0,626.6871816673026,3
3,0,3,0,0,1,1,1,1,2,2,1,0,0,0,0,1,1,0,0,1,0,1,0,0,758.0301060057229,2
1,0,2,0,4,2,1,1,0,1,2,0,0,0,0,1,0,1,0,0,1,0,1,0,0,656.1234493262646,3
3,2,3,1,0,2,1,3,0,1,2,1,0,0,0,0,0,1,0,0,1,0,0,1,0,629.4315285586515,3
1,1,4,1,0,1,1,3,2,0,0,0,0,0,0,0,0,1,0,0,1,0,1,0,1,385.39184660722793,6
1,1,2,0,4,4,1,3,2,0,2,0,0,0,0,0,0,1,0,0,1,0,0,1,0,715.9545579100584,2
3,0,2,0,3,4,0,1,0,0,2,0,0,1,0,0,0,1,0,0,1,0,0,1,0,736.4957323620397,2
0,1,1,0,0,2,2,1,1,1,2,0,0,1,0,0,0,1,0,1,0,0,0,1,1,317.96489152368883,6
1,3,0,4,0,2,1,1,1,1,0,0,0,1,1,0,0,1,0,0,1,0,0,0,1,357.11419338076206,6
3,0,2,0,1,2,2,1,0,1,2,0,1,0,0,0,1,0,1,0,1,0,0,1,0,802.8720892191805,2
0,0,2,4,0,4,2,3,3,4,0,0,0,1,0,1,0,1,0,0,1,0,0,0,1,337.5732897652896,6
0,1,2,0,1,0,0,0,1,1,2,0,0,0,0,0,0,1,0,0,1,0,0,1,1,337.01089796387674,6
0,1,2,0,0,4,2,1,1,1,2,0,0,1,0,0,0,1,0,1,0,0,0,0,1,357.76376649805445,6
3,1,4,0,0,2,1,1,3,0,2,1,0,0,0,0,0,1,0,0,1,0,0,1,0,720.5625376588207,2
3,3,3,3,2,3,2,0,2,1,2,0,0,1,0,0,0,1,0,0,1,0,0,0,0,770.0707800517732,2
0,0,2,0,0,1,1,3,1,0,2,0,0,0,0,0,0,1,0,1,0,0,0,1,1,426.0084586902135,5
1,0,2,0,0,3,2,3,1,0,2,0,1,1,0,1,0,1,0,1,0,0,0,1,0,591.6722349530876,4
0,1,1,1,0,1,0,0,1,3,0,0,0,1,0,0,0,1,0,0,1,0,0,1,1,616.8103643325171,3
0,0,1,0,0,1,2,1,2,2,0,1,0,1,0,1,0,1,0,0,1,0,0,1,1,344.2076582884968,6
0,1,4,0,0,1,1,3,1,0,2,0,0,0,0,0,0,1,0,1,0,0,0,1,0,628.4570782885139,3
0,3,2,2,0,3,2,3,3,1,1,2,1,1,0,0,1,1,0,0,0,0,0,1,1,329.4176696641933,6
3,1,2,0,4,4,2,3,2,3,2,0,0,1,0,0,0,1,0,0,1,0,0,1,0,781.7071154049878,2
0,0,3,0,0,2,2,1,0,2,2,1,1,0,0,1,0,1,0,0,1,0,1,0,0,664.1010099230889,3
0,1,2,0,0,1,2,0,1,0,2,0,0,0,1,0,0,0,1,0,1,0,1,0,0,693.5682713261834,3
1,0,2,0,0,1,1,1,2,0,2,0,0,1,0,0,0,1,0,0,1,0,0,1,1,371.1973982475311,6
3,0,4,0,0,2,2,0,0,0,2,1,0,0,0,1,0,1,0,0,1,0,0,1,0,746.0615635117265,2
3,0,4,0,2,4,2,3,1,2,2,1,1,1,0,0,0,1,0,0,1,0,0,1,0,770.9102680247757,2
0,0,2,0,0,2,1,0,2,0,0,0,0,0,0,0,0,1,0,0,1,0,0,1,0,709.8132337651457,3
1,1,3,0,1,1,2,2,3,0,1,1,0,0,0,0,0,1,0,0,1,0,0,0,1,377.5487588262738,6
2,0,2,0,0,2,1,1,0,0,2,0,0,0,0,0,0,1,0,0,1,0,1,0,1,536.6684055051359,4
1,0,2,0,0,1,3,2,2,0,2,0,0,1,0,0,0,1,0,1,0,0,0,0,0,593.5623062515076,4
1,4,2,1,0,2,2,3,3,2,2,0,0,0,0,0,0,1,0,0,0,0,0,1,1,327.65192118915024,6
3,1,4,1,4,2,2,3,1,2,2,1,1,1,0,0,1,1,0,0,1,0,0,0,0,783.6526427561266,2
3,0,2,0,4,1,2,2,1,2,2,0,1,1,0,1,0,1,0,0,1,0,0,0,0,706.5085808841526,3
3,0,2,0,0,2,2,1,0,1,2,0,1,0,1,1,0,1,0,0,1,0,1,0,0,763.7132672140206,2
3,1,2,0,4,3,2,1,2,1,1,0,0,1,0,0,0,1,0,0,1,0,0,1,0,718.6680855935316,2
3,0,4,0,0,3,2,0,0,2,2,2,1,0,0,1,0,1,0,0,1,0,1,0,0,760.1286937655485,2
0,0,2,0,0,1,1,0,1,2,2,0,0,0,0,0,0,0,0,1,0,0,0,1,0,743.3460017212274,2
1,3,0,2,2,1,1,0,2,0,2,1,0,0,0,1,0,1,0,0,1,0,0,1,0,650.9937343421211,3
0,1,1,0,2,1,2,3,3,0,2,0,1,1,0,0,0,1,0,0,0,0,0,1,1,364.7794931422323,6
3,0,2,0,4,0,2,3,3,1,2,0,0,1,0,1,0,1,0,0,1,0,0,0,0,670.856622998728,3
3,1,2,0,0,1,3,0,1,2,2,0,1,0,0,0,0,0,1,0,1,0,1,0,1,738.2353795720123,2
3,1,2,0,1,4,2,3,2,1,2,1,0,0,0,0,0,1,0,0,1,0,0,1,1,458.3069192244301,5
1,1,4,0,0,0,3,2,2,1,2,2,1,1,0,0,0,1,0,0,1,1,0,0,0,628.258189936196,3
0,2,3,0,0,3,2,0,2,0,2,1,0,1,0,0,0,1,0,0,1,0,0,1,1,341.40601148467783,6
1,1,2,1,2,1,1,3,2,0,2,0,0,0,0,0,1,1,0,1,0,0,0,1,1,404.5656924288308,6
3,2,2,2,0,0,1,1,2,0,2,1,0,1,0,0,0,1,0,0,1,0,0,0,1,315.36611590577303,6
0,0,2,0,0,2,1,3,1,0,2,0,0,1,0,1,0,0,0,0,1,0,0,1,0,578.5491450777116,4
0,1,4,0,3,4,1,3,1,3,2,1,0,1,0,0,0,1,0,1,0,0,0,0,0,739.1115809641556,2
2,1,4,0,4,4,2,3,1,2,1,1,0,0,0,0,0,1,0,0,1,0,1,0,0,761.3044203565889,2
1,0,4,0,0,4,2,3,0,1,2,2,0,0,0,0,0,1,0,0,1,0,1,0,0,710.458910850652,3
0,1,2,1,0,2,2,1,2,2,2,0,0,0,0,1,0,1,0,0,1,0,1,0,1,331.3346580286912,6
1,1,2,0,1,4,2,3,3,0,2,0,0,0,0,0,0,1,0,0,0,0,0,1,0,508.8177766074954,4
3,0,4,0,0,4,3,1,0,0,2,1,0,0,0,0,0,1,0,1,0,0,0,1,0,753.77714326739,2
1,1,3,0,0,2,0,3,1,2,2,1,0,0,0,1,0,1,0,0,1,0,0,1,0,636.9619617889075,3
3,0,2,0,4,2,2,1,3,0,2,0,0,0,0,1,0,1,0,0,1,0,0,1,0,649.37545662712,3
3,1,2,0,2,4,2,1,2,1,0,1,0,1,0,0,0,1,0,0,1,0,0,1,1,382.479019411673,6
1,0,2,0,0,1,3,0,1,0,2,0,0,0,0,0,0,1,0,0,1,0,1,0,0,653.5018099767824,3
1,1,2,0,4,2,1,0,2,0,2,0,0,0,0,0,0,1,0,0,1,0,0,1,0,731.7584039289198,2
1,1,4,0,2,2,2,1,1,0,2,1,0,0,0,0,0,1,0,0,1,0,1,0,1,399.2882429252519,6
3,0,2,0,0,4,1,1,2,3,0,0,0,1,0,0,0,1,0,1,0,0,0,0,0,628.980376568654,3
3,2,2,1,4,3,3,3,1,0,2,0,0,1,0,0,0,1,0,1,0,0,0,1,0,709.1681289730932,3
0,0,4,1,0,2,2,1,0,1,2,1,1,0,0,1,0,1,0,0,1,0,1,0,0,712.8513399837063,3
1,0,2,0,1,2,2,1,0,0,2,0,0,0,0,0,0,0,0,0,1,0,0,1,0,726.1476258951747,2
3,1,2,1,0,2,2,3,1,2,2,0,1,0,0,1,0,1,0,0,1,0,1,0,0,661.8306651008863,3
0,1,1,0,0,0,1,3,3,0,2,1,0,0,0,1,0,0,1,1,0,1,0,0,1,341.1732492439337,6
0,4,2,1,0,4,2,3,3,1,2,0,0,0,0,0,0,0,1,1,0,0,0,1,1,322.1245075310382,6
3,1,4,0,0,2,1,1,2,1,2,0,0,1,0,0,0,1,0,0,1,0,0,1,0,750.5818946452152,2
2,1,2,0,2,2,1,2,2,3,2,0,0,0,0,0,0,1,0,0,1,0,1,0,0,705.0901496331289,3
1,0,2,0,0,2,1,2,0,4,2,0,0,0,0,0,0,0,0,0,1,0,0,1,0,735.8042574795006,2
1,1,3,0,4,4,2,1,1,2,2,1,0,0,0,0,0,1,0,0,1,0,0,1,0,726.6805333531929,2
3,1,3,0,0,4,2,3,2,2,2,1,1,0,0,1,0,1,0,0,1,0,1,0,1,655.0971661800946,3
1,0,1,0,1,2,3,1,1,0,2,0,0,0,0,1,0,1,0,1,0,0,0,1,1,324.27333423506064,6
1,1,4,2,0,3,2,1,1,2,2,0,0,0,0,0,0,1,0,0,1,0,0,1,1,362.8468445611058,6
3,3,2,1,0,0,2,1,2,1,0,0,0,1,0,0,0,1,0,1,0,0,0,0,1,349.37682915506457,6
2,1,2,0,1,2,1,0,2,0,0,0,0,1,0,1,0,1,0,0,1,0,0,0,0,712.3286113355825,3
0,2,2,2,0,2,2,1,1,0,2,0,1,0,0,0,1,1,0,0,1,0,0,1,1,373.30918652076576,6
3,1,4,0,0,3,2,1,1,0,2,1,0,0,0,0,0,1,0,0,1,0,1,0,0,706.526170131752,3
0,0,4,0,0,2,1,2,1,0,2,1,0,0,0,0,0,1,0,1,0,0,0,1,0,651.692192375454,3
2,2,0,1,0,1,0,0,1,1,2,1,0,0,0,0,0,1,0,0,1,0,0,1,0,467.0085254810672,5
3,0,2,0,1,0,1,3,0,4,2,0,0,0,0,0,0,1,0,0,1,0,0,1,0,687.8254641446032,3
0,1,2,1,0,0,2,1,3,0,2,0,0,1,0,0,1,1,0,0,0,0,0,0,0,722.2465068419554,2
1,1,4,0,0,4,2,1,1,2,2,1,0,0,0,0,0,1,0,0,1,0,1,0,0,487.6077564884413,5
3,0,4,0,4,1,2,0,1,1,2,1,1,0,0,0,0,1,0,0,1,0,1,0,0,726.2156283296752,2
3,0,1,0,1,4,2,3,2,1,0,0,1,0,0,0,0,1,0,0,1,0,1,0,0,600.4107148049538,4
0,1,2,0,4,3,3,3,2,0,2,1,0,0,0,0,0,1,0,1,0,0,1,0,0,635.8704054695831,3
0,2,2,1,0,0,2,2,1,0,2,0,0,1,0,0,0,1,0,0,1,0,0,0,0,617.2351990451307,3
3,0,2,0,4,4,2,2,2,2,2,0,0,1,0,1,0,1,0,0,1,0,0,1,0,785.1515099432897,2
3,0,2,0,0,3,1,3,0,1,2,0,0,0,0,0,0,1,0,0,1,0,1,0,0,679.9866118672269,3
0,1,2,1,0,2,0,3,1,1,2,0,0,1,0,0,1,1,0,0,1,0,0,0,0,627.5394113120773,3
3,0,2,0,0,4,2,3,2,1,2,0,0,0,0,0,0,1,0,0,1,0,0,1,0,701.458541124244,3
0,3,2,0,0,2,2,3,3,0,2,0,0,1,0,0,0,1,0,0,0,0,0,1,1,314.36908292500425,6
1,3,4,1,1,0,2,3,2,0,2,0,0,0,0,0,1,1,0,0,1,0,0,1,0,686.035538344479,3
